config,dipole_l,dipole_m,dipole_h,muL,donors,acceptors,nHB
1,2.4659,2.7027,2.9443,2.6236506291625448,2,1,3
2,2.7161,3.0841,3.4629,3.2384200653395148,0,3,3
3,2.6883,3.0383,3.4028,3.145733637612113,2,1,3
4,2.5894,2.9075,3.2408,2.913522794755684,1,1,2
5,2.7227,3.0929,3.4802,3.260017200243792,2,2,4
6,2.3956,2.645,2.9099,2.5331311218192862,2,2,4
7,2.604,2.8937,3.1881,2.891239137801883,2,2,4
8,2.4644,2.7231,2.9963,2.641275832244536,2,2,4
9,2.6207,2.9513,3.2946,2.98784547229806,1,2,3
10,2.6402,2.9557,3.284,2.9923924529050794,2,1,3
11,2.5535,2.8575,3.1765,2.833021142711527,2,2,4
12,2.4743,2.7613,3.0678,2.685828364693422,2,2,4
13,2.2633,2.4354,2.6129,2.3132671720335547,1,3,4
14,2.5329,2.8138,3.1056,2.769378688705014,2,1,3
15,2.4382,2.6795,2.927,2.58853057844032,2,2,4
16,2.6461,3.0079,3.3899,3.0983938532734707,1,2,3
17,2.5672,2.8665,3.1784,2.8479847438258314,1,2,3
18,2.7596,3.1429,3.5509,3.374608705686477,1,1,2
19,2.6415,2.9798,3.3327,3.038600114357046,2,4,6
20,2.2916,2.4661,2.6425,2.350455938702388,1,2,3
21,2.5368,2.7917,3.0505,2.743901960045252,2,3,5
22,2.5494,2.8584,3.1814,2.8338967188587145,2,2,4
23,2.3172,2.518,2.724,2.395465717444854,2,2,4
24,2.417,2.6518,2.8951,2.552831344743988,2,2,4
25,2.8112,3.1824,3.5688,3.4277401340728235,2,2,4
26,2.4665,2.7257,2.9907,2.6461994787031107,1,1,2
27,2.2798,2.4646,2.657,2.3389555669841444,2,1,3
28,2.2383,2.391,2.545,2.276168798931871,1,2,3
29,2.391,2.6028,2.8191,2.5005149638019946,2,1,3
30,2.4547,2.6688,2.8793,2.588088777969411,2,2,4
31,2.3248,2.5087,2.6938,2.3973135517188853,2,2,4
32,2.4445,2.702,2.9805,2.609987452408812,2,1,3
33,2.4163,2.6641,2.9213,2.562503908596105,2,1,3
34,2.4646,2.7213,2.9866,2.640479238623668,2,2,4
35,2.5919,2.905,3.23,2.9092533208270206,1,1,2
36,2.1743,2.3166,2.4655,2.1953992152199957,2,2,4
37,2.539,2.8416,3.1607,2.8077302932292403,2,2,4
38,2.544,2.8353,3.1363,2.800375425689189,1,1,2
39,2.5482,2.851,3.1634,2.823156870928733,2,2,4
40,2.5735,2.8579,3.1492,2.8364466605483107,2,2,4
41,2.2067,2.3851,2.5772,2.2427552960442885,2,3,5
42,2.5698,2.8629,3.1649,2.843122386974526,2,2,4
43,2.2579,2.4385,2.6265,2.3092967724245668,2,2,4
44,2.5165,2.781,3.0509,2.725330471460212,1,0,1
45,2.5575,2.852,3.1542,2.82601492900383,2,2,4
46,2.4135,2.6489,2.8911,2.548714772359908,2,2,4
47,2.4442,2.6906,2.9455,2.6012589415863574,2,2,4
48,2.6443,2.9668,3.3074,3.012886300743032,2,2,4
49,2.7618,3.1584,3.5732,3.4152750973224206,2,3,5
50,2.6251,2.9542,3.2995,2.992836200631438,2,2,4
51,2.6553,2.9748,3.3099,3.0251580611065005,2,2,4
52,2.4651,2.7144,2.974,2.6336192504067544,2,2,4
53,2.3911,2.621,2.8647,2.5120761406288943,1,1,2
54,2.352,2.5535,2.7657,2.4408919925574253,0,1,1
55,2.8074,3.2124,3.6424,3.5473870917267125,2,2,4
56,2.302,2.4953,2.7,2.3708825399526985,1,2,3
57,2.697,3.0672,3.455,3.2121508470618894,2,1,3
58,2.2946,2.4893,2.6923,2.3623570052825174,1,1,2
59,2.3919,2.6085,2.829,2.505214201169208,2,1,3
60,2.2252,2.4036,2.5898,2.266875643328354,2,2,4
61,2.3218,2.5317,2.7563,2.404876204824048,1,1,2
62,2.4009,2.6485,2.9068,2.5401083102444706,1,3,4
63,2.4006,2.6303,2.8666,2.526321788462644,1,1,2
64,2.4812,2.7459,3.0186,2.673169055168399,2,1,3
65,2.1698,2.3064,2.4522,2.1888088661148744,2,1,3
66,2.4132,2.661,2.9215,2.557502441155475,2,2,4
67,2.6217,2.9567,3.3096,2.998475189182531,2,1,3
68,2.3738,2.6261,2.8923,2.504364874605337,2,2,4
69,2.6629,3.006,3.3611,3.0850878504157584,2,1,3
70,2.4692,2.7343,3.0101,2.6554805486729656,2,2,4
71,2.4638,2.713,2.9714,2.6318282258864283,1,3,4
72,2.4915,2.7354,2.9777,2.6669811184886085,2,1,3
73,2.2454,2.4136,2.5904,2.2890209915238358,2,2,4
74,2.7296,3.0567,3.3955,3.164285844661749,1,1,2
75,2.3821,2.6222,2.8787,2.506607103376398,2,2,4
76,2.445,2.6936,2.9494,2.604638229864477,2,0,2
77,2.5117,2.8111,3.1265,2.760020307743668,1,2,3
78,2.3956,2.6228,2.8637,2.516312552668376,2,2,4
79,2.435,2.6784,2.9312,2.585323362282779,1,2,3
80,2.5422,2.8332,3.1444,2.7962905030490197,1,2,3
81,2.6481,2.976,3.3141,3.0285314598409814,2,2,4
82,2.3026,2.4859,2.6765,2.367603012073107,1,1,2
83,2.6605,3.006,3.3728,3.0883283895076,2,2,4
84,2.4662,2.7281,3.0001,2.647847847853863,1,1,2
85,2.3951,2.6266,2.8631,2.5203362272895307,1,2,3
86,2.4313,2.6845,2.9506,2.588191430617658,1,1,2
87,2.5913,2.8764,3.1632,2.864894201709545,1,2,3
88,2.3527,2.5616,2.7788,2.446652142755687,2,3,5
89,2.1802,2.3201,2.4684,2.201895493608631,1,2,3
90,2.5293,2.7995,3.0719,2.75144839636763,2,2,4
91,2.7227,3.0912,3.4751,3.254480930906053,2,0,2
92,2.5209,2.7947,3.0785,2.742422614731733,1,2,3
93,2.6524,2.9914,3.345,3.058853964752203,2,2,4
94,2.4466,2.705,2.9811,2.614458624439107,1,2,3
95,2.5078,2.7821,3.071,2.7227598227767915,2,1,3
96,2.4331,2.6689,2.9098,2.576754209024404,1,2,3
97,2.3902,2.6129,2.8444,2.506437530984688,0,3,3
98,2.3889,2.6159,2.8589,2.5065314839282964,2,2,4
99,2.5301,2.7873,3.0489,2.736825961295209,2,2,4
100,2.6855,3.0023,3.3251,3.06799480343574,2,1,3
101,2.8416,3.2405,3.6581,3.586082482761719,2,1,3
102,2.4788,2.748,3.0288,2.673944341113655,2,2,4
103,2.282,2.5048,2.7393,2.358165727259307,2,1,3
104,2.4694,2.7197,2.9788,2.6410119097705183,2,1,3
105,2.5837,2.8779,3.1891,2.8662138815502467,1,0,1
106,2.465,2.7111,2.9606,2.631443765831217,2,1,3
107,2.5793,2.8892,3.2149,2.8835880576867536,2,2,4
108,2.328,2.5285,2.7363,2.4092144321498044,2,2,4
109,2.4059,2.6267,2.853,2.5270491990417825,1,2,3
110,2.6178,2.9562,3.3109,2.998135133803932,2,2,4
111,2.4878,2.7418,3.0006,2.671904024386184,2,2,4
112,2.6087,2.9053,3.2134,2.9093752533983617,2,3,5
113,2.6748,3.0207,3.3787,3.1119424584336115,1,2,3
114,2.4499,2.6874,2.935,2.6009886430954574,2,2,4
115,2.6471,2.9883,3.3445,3.054288884310316,2,1,3
116,2.4668,2.7381,3.0257,2.6575790422392305,2,1,3
117,2.6044,2.9253,3.2616,2.943155718073062,2,2,4
118,2.3096,2.5001,2.7015,2.379488392311356,2,2,4
119,2.2846,2.4579,2.6339,2.3409827477422325,2,1,3
120,2.4297,2.6973,2.976,2.599478498177308,1,1,2
121,2.418,2.671,2.9419,2.567945264383374,2,1,3
122,2.3905,2.6195,2.8534,2.512113663841657,2,2,4
123,2.5485,2.7945,3.0428,2.75042564396231,2,2,4
124,2.531,2.8065,3.0859,2.760365641203616,2,2,4
125,2.3782,2.5806,2.7828,2.4778306991582526,2,1,3
126,2.8386,3.2267,3.6302,3.536231660172778,1,2,3
127,2.7041,3.0713,3.456,3.217609978888893,2,3,5
128,2.5978,2.8836,3.1716,2.875851945187218,1,2,3
129,2.4174,2.6555,2.8994,2.5565564745305696,2,2,4
130,2.484,2.7356,3.0028,2.662342468617468,1,2,3
131,2.5465,2.8349,3.1338,2.800222348061926,2,2,4
132,2.4087,2.6615,2.9301,2.5547138318074363,1,2,3
133,2.6307,2.9565,3.2952,2.995705497335198,2,2,4
134,2.5767,2.8693,3.1811,2.8527277289170274,1,2,3
135,2.3179,2.5092,2.7075,2.391248554300169,2,1,3
136,2.6663,2.9934,3.342,3.0596898204883645,2,2,4
137,2.5613,2.8534,3.1516,2.828611869071932,2,2,4
138,2.4303,2.679,2.938,2.5831627331247384,2,2,4
139,2.4243,2.6757,2.938,2.576833568091844,2,0,2
140,2.5586,2.8524,3.1598,2.826369310785069,2,1,3
141,2.6206,2.9331,3.2534,2.95470021088218,2,1,3
142,2.3688,2.5849,2.8168,2.4715895127986665,2,3,5
143,2.4667,2.7325,3.0109,2.652222565245665,2,2,4
144,2.4905,2.7572,3.0326,2.6889919594257043,1,2,3
145,2.4946,2.765,3.0444,2.6991855035956176,2,2,4
146,2.6299,2.9504,3.2786,2.984069687010756,2,1,3
147,2.4573,2.7161,2.9922,2.63055279173921,2,1,3
148,2.4855,2.7683,3.0686,2.698486526794143,2,2,4
149,2.372,2.6083,2.8572,2.490328082688515,2,1,3
150,2.6576,3.0096,3.3778,3.096128746331365,2,2,4
151,2.4478,2.7205,3.0095,2.630577249224316,3,2,5
152,2.6806,3.0023,3.336,3.070898458327796,2,2,4
153,2.508,2.7843,3.0689,2.7262300909664643,2,1,3
154,2.4768,2.747,3.0316,2.671633993861143,2,0,2
155,2.5678,2.8713,3.1923,2.855043810811856,2,1,3
156,2.4314,2.6554,2.8859,2.5642857985221124,1,1,2
157,2.4677,2.7329,3.0089,2.653354164956079,1,2,3
158,2.6454,2.9776,3.321,3.032545326476762,2,1,3
159,2.5393,2.8118,3.0932,2.768536899067368,2,1,3
160,2.5141,2.7893,3.0722,2.73416793826066,2,2,4
161,2.5839,2.8788,3.1905,2.867595560288343,2,1,3
162,2.6501,3.0085,3.392,3.099336644682253,2,1,3
163,2.4638,2.7035,2.9492,2.6232353614032893,2,3,5
164,2.7186,3.0607,3.4107,3.178126499952053,2,2,4
165,2.4205,2.664,2.9181,2.5646305541401606,2,1,3
166,2.6235,2.9313,3.2416,2.9510076523096846,1,2,3
167,2.6186,2.9527,3.309,2.991893730471792,2,2,4
168,2.2766,2.4518,2.629,2.33172683938583,2,1,3
169,2.5108,2.7875,3.0758,2.730530124549943,2,1,3
170,2.5896,2.8931,3.2039,2.8900833773402623,1,1,2
171,2.4674,2.7241,2.9889,2.644626130784068,0,1,1
172,2.6972,3.0579,3.4325,3.1869302247023685,0,1,1
173,2.1999,2.3253,2.4555,2.2226299403774745,2,2,4
174,2.5005,2.7814,3.0689,2.7205874243280466,2,2,4
175,2.577,2.8727,3.1751,2.8582874560736427,1,2,3
176,2.3958,2.6157,2.8419,2.512479901075671,2,1,3
177,2.5221,2.808,3.1064,2.7590912191813124,2,3,5
178,2.6048,2.9321,3.2821,2.9556377778797835,3,1,4
179,2.4902,2.7621,3.0437,2.6942135319084164,1,1,2
180,2.3301,2.5265,2.729,2.409956150856939,1,1,2
181,2.7073,3.0513,3.4156,3.1675740512772608,1,1,2
182,2.3674,2.5856,2.8126,2.472257733125772,2,1,3
183,2.4876,2.7486,3.0161,2.6788119206008107,2,2,4
184,2.5115,2.7827,3.0654,2.7250272361015813,2,1,3
185,2.5206,2.7954,3.0788,2.7433532540090604,0,2,2
186,2.6281,2.9643,3.3125,3.011033071755737,2,2,4
187,2.3084,2.52,2.7389,2.389016418717239,1,1,2
188,2.364,2.5959,2.8398,2.4762195348810057,2,2,4
189,2.3818,2.5957,2.8145,2.4895138629734035,2,2,4
190,2.3982,2.6212,2.8507,2.5179988336895867,1,2,3
191,2.767,3.1322,3.5112,3.326500213860432,0,1,1
192,2.2731,2.4481,2.628,2.32681841923568,3,2,5
193,2.3991,2.6318,2.8761,2.5256731896233,2,2,4
194,2.6797,3.0322,3.4002,3.1365129239426137,0,1,1
195,2.5392,2.8453,3.1713,2.8128070841583512,2,2,4
196,2.2052,2.3635,2.5319,2.2361176823955744,1,1,2
197,2.2865,2.4736,2.6683,2.348556576426345,2,2,4
198,2.5221,2.7869,3.0571,2.733936546320627,2,2,4
199,2.3828,2.6024,2.8267,2.4948376910387338,2,2,4
200,2.3355,2.5455,2.7632,2.424394095254236,2,2,4
