config,dipole_l,dipole_m,dipole_h,muL
100,2.2684,2.4463,2.628,2.3221323208569706
101,2.609,2.9201,3.2413,2.933629587857081
102,2.6189,2.9116,3.2131,2.919092824292936
103,2.4114,2.6356,2.8579,2.5377949225268908
104,2.3307,2.5393,2.7556,2.4171839970422475
105,2.575,2.8748,3.1894,2.861012599981972
106,2.5955,2.893,3.2007,2.8899964564631713
107,2.7204,3.0637,3.4211,3.186545467512084
108,2.5458,2.8394,3.1439,2.8062560181018936
109,2.3932,2.6222,2.859,2.5153484891926263
10,2.5641,2.8587,3.1605,2.8364915659248884
110,2.4932,2.7733,3.0685,2.7074234616105315
111,2.5193,2.7756,3.0389,2.719778361678579
112,2.3445,2.5504,2.7611,2.434505419571617
113,2.4328,2.678,2.9292,2.5843553587121324
114,2.5711,2.8636,3.1618,2.844426089302723
115,2.5685,2.8727,3.1987,2.8570689801751206
116,2.595,2.9174,3.2561,2.9301654945105913
117,2.4389,2.6706,2.9095,2.580984332032675
118,2.6295,2.9412,3.2633,2.967907407363685
119,2.4553,2.7317,3.0234,2.645836630008706
11,2.5103,2.7907,3.0813,2.73442831355058
120,2.3471,2.5388,2.738,2.4293294168731863
121,2.648,2.9655,3.2956,3.0088889960746132
122,2.39,2.6262,2.876,2.515278565744975
123,2.717,3.0762,3.4515,3.220233408183277
124,2.5214,2.8065,3.1041,2.7569926045000086
125,2.3775,2.5996,2.8292,2.48886856052326
126,2.604,2.8906,3.1807,2.8865310273918556
127,2.3617,2.5848,2.8186,2.467389248887387
128,2.4766,2.7328,2.9972,2.657467264743369
129,2.6198,2.9318,3.2563,2.95280830033958
12,2.6162,2.9143,3.216,2.9234348375560724
130,2.4672,2.7366,3.019,2.656673896080537
131,2.7266,3.0763,3.4422,3.213867390717323
132,2.6791,3.0275,3.3906,3.1258510152836902
133,2.525,2.7838,3.0472,2.731244730370764
134,2.4995,2.7605,3.0349,2.6953034035581793
135,2.595,2.9241,3.2701,2.94195139786113
136,2.6226,2.9352,3.2616,2.958493804247606
137,2.5288,2.8028,3.087,2.754520319476926
138,2.7027,3.053,3.4172,3.1717827643054686
139,2.7801,3.1812,3.5989,3.4656307802202084
13,2.3654,2.5575,2.7496,2.4545823167107472
140,2.835,3.257,3.7004,3.6690882897912953
141,2.3101,2.5106,2.722,2.3850653451557275
142,2.6482,2.9851,3.3393,3.0478055279169594
143,2.6069,2.898,3.2032,2.8978779088394813
144,2.4285,2.6684,2.9146,2.5736050613301473
145,2.6626,2.9956,3.3418,3.063752017816659
146,2.587,2.8972,3.2196,2.8965714712054003
147,2.4375,2.6742,2.9167,2.583577721126557
148,2.5092,2.7736,3.0558,2.7128737606689928
149,2.3527,2.5737,2.8087,2.4531863755119274
14,2.4358,2.6828,2.9377,2.5899142373403525
150,2.3403,2.5478,2.762,2.429531487301828
151,2.405,2.643,2.892,2.538162067207955
152,2.4949,2.767,3.0489,2.7014574301590626
153,2.5211,2.8107,3.1203,2.7615112145836673
154,2.3553,2.5595,2.7692,2.4477270605329484
155,2.5795,2.8848,3.1963,2.876840803145732
156,2.3412,2.5626,2.7954,2.4381962413025016
157,2.5633,2.8519,3.1483,2.82664877065568
158,2.4926,2.7849,3.0884,2.721624552541775
159,2.2547,2.4087,2.5718,2.295754249050074
15,2.3605,2.575,2.7968,2.460776437390527
160,2.4455,2.7003,2.9661,2.6105298566872714
161,2.4795,2.7464,3.0333,2.6712568273577535
162,2.3611,2.555,2.7573,2.44869774043003
163,2.7222,3.0764,3.4448,3.2161808344613485
164,2.7109,3.0691,3.4437,3.206764082018553
165,2.4008,2.6261,2.8601,2.522907361566904
166,2.4765,2.7467,3.0265,2.6718977763265466
167,2.3883,2.6177,2.8584,2.5082621498358435
168,2.7093,3.0662,3.4334,3.1979065395949293
169,2.603,2.9149,3.2448,2.9254718652212683
16,2.5337,2.83,3.1379,2.790970955752501
170,2.688,3.0333,3.3922,3.134190393971392
171,2.5245,2.7952,3.0732,2.7443462132687695
172,2.2716,2.4537,2.6395,2.327879996618231
173,2.676,2.9921,3.3173,3.051682735546742
174,2.7613,3.1507,3.5586,3.3914236943374716
175,2.4294,2.6763,2.9305,2.5807917310935613
176,2.5032,2.7804,3.0737,2.7190615044505133
177,2.7263,3.0872,3.4697,3.2445518407873983
178,2.7204,3.0822,3.4643,3.235287700266491
179,2.6178,2.9659,3.3315,3.017475440041564
17,2.3696,2.5879,2.8147,2.47536163697796
180,2.334,2.5436,2.7635,2.4217338289291925
181,2.4166,2.6395,2.8637,2.5439887616074386
182,2.4385,2.6901,2.9513,2.59767195450537
183,2.5592,2.8342,3.1183,2.801667018452452
184,2.5348,2.817,3.1139,2.7735868318436103
185,2.3977,2.64,2.902,2.5297497848074983
186,2.3328,2.542,2.7555,2.4208820854195485
187,2.5549,2.8589,3.1753,2.835406107423181
188,2.5522,2.8531,3.1673,2.826521452301397
189,2.3718,2.5713,2.7702,2.4674815488930806
18,2.3893,2.5961,2.8049,2.4952010804222082
190,2.6096,2.9265,3.2504,2.9443679431723635
191,2.5708,2.8674,3.1738,2.849781100438377
192,2.6831,3.0242,3.3824,3.117311366750404
193,2.7613,3.1318,3.512,3.3278551645508694
194,2.6546,2.9752,3.3058,3.0252797096140274
195,2.5292,2.8032,3.0902,2.7548203476316955
196,2.4503,2.7434,3.0571,2.6552721775533734
197,2.3603,2.5836,2.8148,2.4660824906952103
198,2.5259,2.8058,3.1005,2.757029442912783
199,2.452,2.6844,2.9263,2.5994555583661616
19,2.5383,2.8162,3.1006,2.7741481445419733
1,2.5764,2.8842,3.2094,2.8755383386568707
200,2.5523,2.8435,3.1425,2.8132670780752838
20,2.1922,2.3181,2.4468,2.2138462949830946
21,2.5761,2.8935,3.2267,2.8904491241653556
22,2.6077,2.8925,3.1858,2.8894349420589602
23,2.7296,3.1068,3.5013,3.2924698595996693
24,2.481,2.7538,3.0391,2.6810446081317423
25,2.3662,2.5787,2.7996,2.4669885436098187
26,2.6669,3.0173,3.3856,3.1096286687177708
27,2.3371,2.5285,2.7265,2.416307622877487
28,2.4412,2.6574,2.8769,2.5717746070454006
29,2.4578,2.7197,2.9931,2.6352976934381322
2,2.4585,2.6842,2.9115,2.603757614110167
30,2.3738,2.6062,2.8481,2.490617946561576
31,2.6265,2.9385,3.2557,2.963207366432008
32,1.9679,2.017,2.0666,1.9614940513743675
33,2.5943,2.908,3.2346,2.9141703797116363
34,2.3001,2.4915,2.6935,2.3676416876690385
35,2.7098,3.0721,3.4465,3.2130007538003857
36,2.5233,2.8246,3.1409,2.7810601076583565
37,2.6861,3.051,3.4317,3.177746697930839
38,2.4708,2.6975,2.9254,2.6216504100102944
39,2.5155,2.7997,3.0977,2.746648070445769
3,2.6932,3.07,3.4713,3.2258503463219914
40,2.6114,2.9295,3.2622,2.9497978209166984
41,2.4863,2.7364,2.9894,2.6659580908609177
42,2.4074,2.6374,2.8796,2.5350165160708418
43,2.5791,2.8773,3.1797,2.865403265412895
44,2.3829,2.597,2.8158,2.4911678674170954
45,2.6492,2.9914,3.3427,3.0588260020640856
46,2.6182,2.9376,3.2709,2.963288404529519
47,2.4458,2.6828,2.9255,2.595497519459007
48,2.7355,3.0783,3.4319,3.2102963409065546
49,2.2436,2.416,2.5948,2.288421217043068
4,2.5861,2.8794,3.1812,2.868854388726209
50,2.3866,2.6085,2.8415,2.500549743121078
51,2.4726,2.7254,2.9897,2.6477087945366424
52,2.4846,2.7563,3.0318,2.686456441074065
53,2.502,2.7841,3.0774,2.7237227967892714
54,2.7401,3.1007,3.4771,3.2658670980372295
55,2.4629,2.7233,2.991,2.6419235466501427
56,2.439,2.6836,2.9395,2.5917585447416736
57,2.459,2.7297,3.0085,2.6465817051224323
58,2.6431,2.969,3.3084,3.0167592648338033
59,2.5383,2.8219,3.1181,2.7809834461510743
5,2.5056,2.7643,3.0304,2.702481051329476
60,2.3524,2.5723,2.8058,2.4521536776849104
61,2.4794,2.7059,2.9331,2.6333840379109716
62,2.5778,2.8667,3.1609,2.8495872173673185
63,2.4671,2.7368,3.0275,2.6556067621077144
64,2.485,2.7478,3.0185,2.676734822467957
65,2.5197,2.7936,3.0781,2.7406719352934226
66,2.73,3.084,3.4492,3.228182192020181
67,2.4658,2.7388,3.0249,2.658382375632405
68,2.4465,2.6567,2.8691,2.5741834655762386
69,2.539,2.8126,3.0918,2.7698042659018256
6,2.5995,2.8958,3.204,2.8944108454053983
70,2.293,2.491,2.7022,2.361053385712856
71,2.6711,3.0098,3.3597,3.0897278598527516
72,2.6284,2.9436,3.2662,2.9720722962763944
73,2.5083,2.7799,3.0624,2.7207859998190953
74,2.5733,2.8807,3.1991,2.870070707846218
75,2.614,2.9418,3.2899,2.971988166439521
76,2.5821,2.8978,3.2274,2.897533799093783
77,2.4066,2.6321,2.8624,2.531695927720642
78,2.6532,2.9595,3.2699,2.995905236463232
79,2.4345,2.665,2.9057,2.5733554065710393
7,2.7309,3.0895,3.4588,3.2411384286798723
80,2.5084,2.8022,3.1101,2.747774039200057
81,2.4179,2.6468,2.8812,2.549823997059194
82,2.3693,2.5509,2.7386,2.4523629871782724
83,2.7182,3.0811,3.4577,3.230638115630333
84,2.3493,2.5742,2.8124,2.4511164934881875
85,2.7054,3.0729,3.4562,3.2199490881159782
86,2.2075,2.3523,2.5023,2.2361018552313308
87,2.6936,3.0701,3.4636,3.2218853519368116
88,2.4132,2.6441,2.8893,2.5434146154115047
89,2.674,3.0139,3.3617,3.0964362109492907
8,2.6969,3.0315,3.3769,3.1250367228105933
90,2.3089,2.5186,2.7363,2.3885958797069553
91,2.321,2.5169,2.7165,2.398154420234622
92,2.472,2.7329,3.0028,2.6554912514641527
93,2.3379,2.5136,2.6888,2.409987037039875
94,2.5894,2.8999,3.2258,2.9009504804829565
95,2.3791,2.6058,2.8424,2.493862263791428
96,2.381,2.5903,2.8014,2.485844104095204
97,2.4145,2.6473,2.8811,2.5489996737276215
98,2.5087,2.7844,3.0691,2.726481678878348
99,2.5393,2.7914,3.0501,2.7439266355284593
9,2.8199,3.2144,3.6291,3.527920790898102
