Temperature (K),Pressure (bar),Density (mol/l),Volume (l/mol),Internal Energy (kJ/mol),Enthalpy (kJ/mol),Entropy (J/mol*K),Cv (J/mol*K),Cp (J/mol*K),Sound Spd. (m/s),Joule-Thomson (K/bar),Viscosity (uPa*s),Therm. Cond. (W/m*K),Surf. Tension (N/m),Phase
280.0,0.0099182,55.501,0.018018,0.51876,0.51877,1.8757,75.669,75.688,1434.1,-0.023515,1433.7,0.57191,0.074677,liquid
290.0,0.0192,55.44,0.018038,1.2742,1.2742,4.5266,75.095,75.429,1472.1,-0.02272,1084.0,0.59224,0.07321,liquid
300.0,0.035368,55.315,0.018078,2.0278,2.0279,7.0816,74.412,75.32,1501.4,-0.022024,853.75,0.60944,0.071686,liquid
310.0,0.062311,55.139,0.018136,2.7808,2.781,9.5507,73.645,75.294,1523.2,-0.021393,693.32,0.62422,0.070106,liquid
320.0,0.10546,54.919,0.018209,3.5339,3.534,11.941,72.811,75.317,1538.7,-0.020804,576.71,0.63695,0.06847,liquid
330.0,0.17213,54.662,0.018294,4.2873,4.2876,14.26,71.927,75.373,1548.7,-0.020241,489.13,0.64787,0.066781,liquid
340.0,0.27188,54.371,0.018392,5.0414,5.0419,16.511,71.008,75.456,1553.9,-0.01969,421.61,0.65713,0.06504,liquid
350.0,0.41682,54.049,0.018502,5.7964,5.7972,18.7,70.07,75.567,1554.8,-0.01914,368.45,0.66484,0.063248,liquid
360.0,0.62194,53.698,0.018623,6.5526,6.5538,20.83,69.124,75.708,1552.0,-0.018581,325.85,0.67109,0.061406,liquid
370.0,0.90535,53.321,0.018754,7.3104,7.3121,22.906,68.18,75.883,1545.8,-0.018005,291.17,0.67596,0.059517,liquid
380.0,1.2885,52.918,0.018897,8.0701,8.0725,24.932,67.247,76.098,1536.5,-0.017404,262.58,0.6795,0.057581,liquid
390.0,1.7964,52.49,0.019051,8.832,8.8354,26.911,66.331,76.357,1524.3,-0.016769,238.73,0.68178,0.055601,liquid
400.0,2.4577,52.038,0.019217,9.5966,9.6013,28.847,65.438,76.664,1509.5,-0.016092,218.62,0.68285,0.053578,liquid
410.0,3.3045,51.563,0.019394,10.364,10.371,30.743,64.57,77.026,1492.2,-0.015366,201.51,0.68278,0.051514,liquid
420.0,4.373,51.064,0.019583,11.136,11.144,32.602,63.731,77.447,1472.5,-0.014581,186.81,0.68161,0.049411,liquid
430.0,5.7026,50.541,0.019786,11.911,11.923,34.427,62.92,77.934,1450.6,-0.013728,174.09,0.67938,0.047272,liquid
440.0,7.3367,49.994,0.020003,12.692,12.706,36.222,62.14,78.495,1426.5,-0.012794,162.98,0.67665,0.045098,liquid
450.0,9.322,49.421,0.020234,13.477,13.496,37.988,61.39,79.136,1400.4,-0.011767,153.22,0.67272,0.042891,liquid
460.0,11.709,48.824,0.020482,14.269,14.293,39.729,60.671,79.869,1372.2,-0.010631,144.57,0.66783,0.040655,liquid
470.0,14.551,48.199,0.020748,15.068,15.098,41.448,59.984,80.706,1342.0,-0.0093693,136.85,0.66203,0.038392,liquid
480.0,17.905,47.545,0.021033,15.875,15.913,43.147,59.327,81.662,1309.8,-0.0079585,129.91,0.65535,0.036105,liquid
490.0,21.831,46.861,0.02134,16.69,16.737,44.83,58.702,82.757,1275.7,-0.0063724,123.63,0.64781,0.033797,liquid
500.0,26.392,46.145,0.021671,17.515,17.573,46.498,58.109,84.013,1239.6,-0.0045781,117.9,0.63944,0.031472,liquid
510.0,31.655,45.393,0.02203,18.352,18.421,48.156,57.548,85.464,1201.5,-0.0025343,112.63,0.63024,0.029133,liquid
520.0,37.69,44.603,0.02242,19.2,19.285,49.807,57.023,87.149,1161.3,-0.00018868,107.75,0.62021,0.026784,liquid
530.0,44.569,43.77,0.022847,20.064,20.165,51.454,56.536,89.124,1119.1,0.0025264,103.19,0.60937,0.02443,liquid
540.0,52.369,42.889,0.023316,20.943,21.065,53.102,56.089,91.464,1074.6,0.0057002,98.894,0.59769,0.022077,liquid
550.0,61.172,41.954,0.023836,21.841,21.987,54.756,55.69,94.275,1027.9,0.0094527,94.803,0.58516,0.01973,liquid
560.0,71.062,40.956,0.024417,22.762,22.935,56.422,55.347,97.713,978.54,0.013949,90.871,0.57174,0.017396,liquid
570.0,82.132,39.885,0.025072,23.709,23.915,58.106,55.071,102.01,926.44,0.019425,87.046,0.55738,0.015082,liquid
580.0,94.48,38.725,0.025823,24.688,24.932,59.821,54.881,107.54,871.23,0.02622,83.278,0.542,0.0128,liquid
590.0,108.21,37.456,0.026698,25.707,25.996,61.577,54.808,114.91,812.49,0.034857,79.509,0.52548,0.010559,liquid
600.0,123.45,36.048,0.027741,26.777,27.119,63.396,54.902,125.26,749.57,0.046172,75.667,0.50767,0.0083756,liquid
610.0,140.33,34.451,0.029026,27.917,28.324,65.309,55.258,141.0,681.27,0.06166,71.655,0.48836,0.006269,liquid
620.0,159.01,32.577,0.030697,29.16,29.648,67.371,56.1,168.52,604.73,0.084473,67.297,0.46738,0.0042676,liquid
630.0,179.69,30.21,0.033101,30.585,31.18,69.715,58.152,231.08,513.19,0.12251,62.202,0.44547,0.0024169,liquid
640.0,202.65,26.729,0.037413,32.422,33.18,72.737,64.521,467.36,400.66,0.19542,55.307,0.43252,0.00080882,liquid
280.0,0.0099182,0.00042637,2345.4,42.954,45.28,161.74,25.657,34.073,413.92,47.726,9.1447,0.017204,vapor,
290.0,0.0192,0.00079724,1254.3,43.201,45.609,157.41,25.816,34.27,420.99,35.165,9.4466,0.017872,vapor,
300.0,0.035368,0.0014204,704.01,43.446,45.936,153.44,25.982,34.483,427.89,26.435,9.7596,0.018563,vapor,
310.0,0.062311,0.0024237,412.6,43.69,46.261,149.81,26.158,34.716,434.63,20.374,10.082,0.019279,vapor,
320.0,0.10546,0.0039778,251.39,43.931,46.582,146.47,26.35,34.98,441.18,16.125,10.411,0.020021,vapor,
330.0,0.17213,0.0063042,158.62,44.169,46.9,143.39,26.568,35.287,447.54,13.092,10.747,0.020793,vapor,
340.0,0.27188,0.0096808,103.3,44.404,47.212,140.54,26.821,35.653,453.68,10.877,11.087,0.021599,vapor,
350.0,0.41682,0.014448,69.213,44.634,47.519,137.91,27.118,36.091,459.58,9.2178,11.43,0.022442,vapor,
360.0,0.62194,0.021014,47.586,44.86,47.819,135.46,27.469,36.617,465.22,7.944,11.776,0.023329,vapor,
370.0,0.90535,0.029859,33.491,45.079,48.111,133.17,27.883,37.249,470.57,6.9427,12.123,0.024265,vapor,
380.0,1.2885,0.041537,24.075,45.291,48.393,131.04,28.372,38.004,475.61,6.1373,12.47,0.025255,vapor,
390.0,1.7964,0.056683,17.642,45.496,48.665,129.04,28.944,38.903,480.32,5.4749,12.817,0.026307,vapor,
400.0,2.4577,0.076014,13.156,45.691,48.924,127.15,29.608,39.963,484.67,4.9181,13.164,0.027427,vapor,
410.0,3.3045,0.10034,9.9666,45.876,49.17,125.37,30.369,41.203,488.65,4.4405,13.509,0.028622,vapor,
420.0,4.373,0.13055,7.6601,46.05,49.4,123.69,31.23,42.634,492.22,4.0237,13.853,0.0299,vapor,
430.0,5.7026,0.16765,5.9649,46.211,49.613,122.08,32.187,44.269,495.39,3.655,14.196,0.031269,vapor,
440.0,7.3367,0.21276,4.7002,46.359,49.807,120.54,33.234,46.114,498.12,3.3259,14.537,0.032737,vapor,
450.0,9.322,0.26711,3.7438,46.492,49.982,119.07,34.362,48.177,500.41,3.0307,14.878,0.034312,vapor,
460.0,11.709,0.33209,3.0113,46.609,50.134,117.64,35.561,50.469,502.24,2.7653,15.218,0.036004,vapor,
470.0,14.551,0.40925,2.4435,46.708,50.263,116.27,36.821,53.005,503.6,2.5265,15.559,0.037824,vapor,
480.0,17.905,0.50035,1.9986,46.788,50.367,114.93,38.137,55.809,504.45,2.3118,15.901,0.039786,vapor,
490.0,21.831,0.60738,1.6464,46.848,50.442,113.62,39.503,58.919,504.78,2.1187,16.245,0.041903,vapor,
500.0,26.392,0.73265,1.3649,46.885,50.487,112.33,40.92,62.388,504.55,1.945,16.594,0.044197,vapor,
510.0,31.655,0.87884,1.1379,46.898,50.5,111.05,42.391,66.289,503.71,1.7886,16.949,0.046692,vapor,
520.0,37.69,1.0491,0.95318,46.883,50.475,109.79,43.92,70.723,502.23,1.6475,17.312,0.049421,vapor,
530.0,44.569,1.2473,0.80174,46.838,50.411,108.52,45.519,75.827,500.05,1.5197,17.688,0.052431,vapor,
540.0,52.369,1.478,0.67659,46.758,50.302,107.24,47.197,81.789,497.1,1.4035,18.08,0.055784,vapor,
550.0,61.172,1.7471,0.57238,46.641,50.142,105.95,48.968,88.873,493.31,1.2973,18.494,0.059574,vapor,
560.0,71.062,2.062,0.48497,46.478,49.925,104.62,50.848,97.461,488.58,1.1997,18.936,0.063934,vapor,
570.0,82.132,2.4325,0.4111,46.264,49.641,103.24,52.856,108.13,482.79,1.1093,19.418,0.069073,vapor,
580.0,94.48,2.872,0.34819,45.988,49.278,101.8,55.017,121.78,475.8,1.0248,19.952,0.075315,vapor,
590.0,108.21,3.3994,0.29417,45.636,48.819,100.26,57.361,139.94,467.41,0.94499,20.561,0.083199,vapor,
600.0,123.45,4.0434,0.24732,45.188,48.242,98.6,59.939,165.4,457.33,0.86837,21.276,0.093664,vapor,
610.0,140.33,4.8497,0.2062,44.613,47.506,96.755,62.831,203.84,445.11,0.79329,22.153,0.10847,vapor,
620.0,159.01,5.9009,0.16946,43.855,46.55,94.631,66.197,269.23,429.99,0.71743,23.295,0.13127,vapor,
630.0,179.69,7.3737,0.13562,42.801,45.238,92.029,70.465,408.19,410.21,0.63669,24.933,0.17136,vapor,
640.0,202.65,9.8331,0.1017,41.095,43.156,88.324,77.576,947.36,379.64,0.53854,27.86,0.26818,vapor,
