5,298,1,997.219,57.34356667,1649.77,91.65388889,3.666155556,2.721202742,liquid,0.74,0.79,1.53,0.417330901
5,298,2,997.287,57.91044286,1649.776,91.65422222,3.666168889,2.769787913,liquid,0.765,0.775,1.54,0.420057026
5,298,5,997.442,58.58965714,1650.084,91.67133333,3.666853333,2.738671894,liquid,0.725,0.715,1.44,0.39270728
5,298,10,997.746,57.50677143,1649.082,91.61566667,3.664626667,2.772763899,liquid,0.765,0.74,1.505,0.410683035
5,298,20,997.776,58.7874,1649.443,91.63572222,3.665428889,2.761869911,liquid,0.73,0.75,1.48,0.403772668
5,298,50,999.4,55.9198,1648.938,91.60766667,3.664306667,2.755032164,liquid,0.72,0.78,1.5,0.409354384
5,298,100,1001.85,57.01707143,1649.8,91.65555556,3.666222222,2.757748745,liquid,0.775,0.77,1.545,0.421414717
5,298,200,1006.14,56.2223,1650.665,91.70361111,3.668144444,2.757083452,liquid,0.76,0.805,1.565,0.42664623
5,298,500,1019.09,59.22421429,1648.958,91.60877778,3.664351111,2.742438068,liquid,0.78,0.77,1.55,0.4229944
5,298,1000,1039.23,60.39454286,1649.597,91.64427778,3.665771111,2.776146525,liquid,0.715,0.72,1.435,0.391459247
5,298,2000,1074.2,62.3443,1651.505,91.75027778,3.670011111,2.773712544,liquid,0.735,0.745,1.48,0.403268534
5,298,5000,1153.62,68.91658571,1654.703,91.92794444,3.677117778,2.77265176,liquid,0.765,0.725,1.49,0.405208669
5,400,5,934.021,51.47855714,1436.094,79.783,3.19132,2.606202114,liquid,0.555,0.585,1.14,0.357218956
5,400,10,934.373,51.43352857,1436.146,79.78588889,3.191435556,2.63976662,liquid,0.545,0.565,1.11,0.347805864
5,400,20,934.944,52.32205714,1436.737,79.81872222,3.192748889,2.59580896,liquid,0.555,0.6,1.155,0.361757232
5,400,50,936.704,53.69822857,1437.409,79.85605556,3.194242222,2.636213412,liquid,0.65,0.585,1.235,0.386633171
5,400,100,939.222,51.5953,1439.555,79.97527778,3.199011111,2.617042639,liquid,0.58,0.635,1.215,0.37980487
5,400,200,944.524,52.11725714,1441.523,80.08461111,3.203384444,2.604457142,liquid,0.535,0.575,1.11,0.346508519
5,400,500,959.284,54.37067143,1447.762,80.43122222,3.217248889,2.627970543,liquid,0.55,0.58,1.13,0.351231763
5,400,1000,981.54,54.82294286,1459.994,81.11077778,3.244431111,2.623260715,liquid,0.54,0.625,1.165,0.359076818
5,400,2000,1018.4,57.1994,1476.599,82.03327778,3.281331111,2.662888725,liquid,0.55,0.595,1.145,0.348943755
5,400,5000,1099.94,63.34702857,1509.589,83.86605556,3.354642222,2.664612565,vapor,0.52,0.595,1.115,0.332375236
5,500,50,824.719,41.28297143,1203.122,66.84011111,2.673604444,2.482672483,liquid,0.395,0.53,0.925,0.345974889
5,500,100,829.639,42.72727143,1207.595,67.08861111,2.683544444,2.487736045,liquid,0.405,0.41,0.815,0.303702814
5,500,200,838.952,42.13957143,1214.95,67.49722222,2.699888889,2.484890847,liquid,0.4,0.455,0.855,0.316679699
5,500,500,862.908,45.72391429,1231.85,68.43611111,2.737444444,2.511700568,liquid,0.475,0.44,0.915,0.334253359
5,500,1000,895.169,46.23218571,1257.383,69.85461111,2.794184444,2.495596463,liquid,0.45,0.44,0.89,0.318518701
5,500,2000,943.967,49.2434,1293.573,71.86516667,2.874606667,2.536148132,liquid,0.475,0.43,0.905,0.31482568
5,500,5000,1040.5,55.41782857,1358.549,0.543008529,3.018997778,2.574184925,liquid,0.545,0.465,1.01,0.33454811
5,600,1,1.49023,1.00288,12.034,0.598438909,0.026742222,1.856611659,vapor,0,0,0,0
5,600,2,2.04508,1.00829,12.645,0.581925146,0.0281,1.855303666,vapor,0,0.005,0.005,0.177935943
5,600,5,3.03461,1.02766,17.313,0.606558887,0.038473333,1.858143263,vapor,0.01,0.005,0.015,0.389880437
5,600,10,4.8351,1.060185714,26.044,0.594589181,0.057875556,1.856510006,vapor,0.005,0.005,0.01,0.172784519
5,600,20,16.093,1.125655714,50.148,0.591076529,0.11144,1.869919419,vapor,0.02,0.02,0.04,0.358937545
5,600,200,665.51,30.40528571,941.824,0.574737173,2.092942222,2.363957372,liquid,0.355,0.35,0.705,0.336846375
5,600,500,726.422,32.87732857,994.214,0.61267718,2.209364444,2.391758227,liquid,0.365,0.345,0.71,0.321359385
5,600,1000,784.901,36.39932857,1044.639,0.610806069,2.32142,2.422085032,liquid,0.34,0.38,0.72,0.310154991
5,600,2000,856.809,41.78485714,1109.918,0.602453958,2.466484444,2.456795384,liquid,0.355,0.39,0.745,0.302049341
5,600,5000,977.2,49.23881429,1211.749,0.448314206,2.692775556,2.505587914,liquid,0.38,0.375,0.755,0.280379848
5,700,1,1.41123,1.001564286,8.305,0.47896662,0.018455556,1.855660915,vapor,0,0,0,0
5,700,2,1.60407,1.005274286,8.603,0.428057034,0.019117778,1.856289051,vapor,0,0.005,0.005,0.261536673
5,700,5,2.57118,1.020101429,10.599,0.471251453,0.023553333,1.855619488,vapor,0,0.01,0.01,0.424568356
5,700,10,4.00993,1.047162857,15.076,0.456142639,0.033502222,1.8549856,vapor,0,0.005,0.005,0.149243831
5,700,20,7.13174,1.101471429,24.371,0.446668051,0.054157778,1.855611269,vapor,0.005,0.005,0.01,0.184645685
5,700,50,17.1726,1.27192,54.607,0.468402815,0.121348889,1.871829796,vapor,0.005,0.01,0.015,0.123610526
5,700,100,37.3092,1.592582857,110.615,0.461760715,0.245811111,1.909186315,vapor,0.025,0.025,0.05,0.203408218
5,700,200,105.364,2.775297143,263.563,0.496198518,0.585695556,1.98044888,vapor,0.07,0.06,0.13,0.221958317
5,700,500,503.739,19.70107143,696.645,0.50805314,1.5481,2.251835068,supercritical,0.18,0.245,0.425,0.274530069
5,700,1000,646.845,27.27962857,822.337,0.008125525,1.827415556,2.316900803,supercritical,0.25,0.22,0.47,0.257193827
5,700,2000,759.868,33.92464286,928.515,0.007243537,2.063366667,2.348712669,supercritical,0.29,0.305,0.595,0.288363677
5,700,5000,912.044,43.52905714,1070.655,0.013380211,2.379233333,2.42554269,supercritical,0.295,0.3,0.595,0.250080558
5,800,1,1.32042,1.001094286,6.84,0.331196887,0.0152,1.855570833,vapor,0,0,0,0
5,800,2,1.58587,1.003652857,6.126,0.33356649,0.013613333,1.855664289,vapor,0,0,0,0
5,800,5,2.37438,1.015444286,8.054,0.337403379,0.017897778,1.855982814,vapor,0,0,0,0
5,800,10,3.63427,1.036737143,10.619,0.358590804,0.023597778,1.856066594,vapor,0,0,0,0
5,800,20,6.18139,1.085398571,16.311,0.341566228,0.036246667,1.856781005,vapor,0.005,0,0.005,0.137943719
5,800,50,14.5877,1.222168571,33.749,0.376972355,0.074997778,1.866874988,vapor,0.005,0.005,0.01,0.133337284
5,800,100,29.7763,1.491638571,65.437,0.414828278,0.145415556,1.877170981,vapor,0.015,0.02,0.035,0.240689518
5,800,200,61.2631,2.124757143,121.523,0.008911659,0.270051111,1.919215178,vapor,0.01,0.035,0.045,0.166635123
5,800,500,232.175,7.078225714,354.697,0.007203666,0.788215556,2.079368047,supercritical,0.09,0.135,0.225,0.285454909
5,800,1000,487.406,17.63897143,600.07,0.008743263,1.333488889,2.21749159,supercritical,0.145,0.165,0.31,0.232472878
5,800,2000,658.454,25.82365714,759.603,0.004810006,1.688006667,2.288039181,supercritical,0.195,0.235,0.43,0.25473833
5,800,5000,847.344,36.14787143,942.741,0.013519419,2.09498,2.369515912,supercritical,0.24,0.27,0.51,0.243439078
5,900,1,1.35884,1.000805714,5.974,0.251683318,0.013275556,1.855783956,vapor,0,0,0,0
5,900,2,1.53304,1.002882857,5.483,0.25006946,0.012184444,1.855141482,vapor,0,0,0,0
5,900,5,2.11861,1.011924286,6.196,0.265936012,0.013768889,1.855972819,vapor,0,0,0,0
5,900,10,3.30506,1.032595714,8.569,0.325933947,0.019042222,1.855411962,vapor,0,0,0,0
5,900,20,5.68044,1.074312857,12.754,0.344797174,0.028342222,1.853098178,vapor,0,0,0,0
5,900,50,12.839,1.202858571,23.986,0.008160915,0.053302222,1.855372283,vapor,0.005,0,0.005,0.093804719
5,900,100,25.4257,1.412334286,44.361,0.008389051,0.09858,1.870944961,vapor,0.015,0.005,0.02,0.202880909
5,900,200,50.1518,1.887881429,80.695,0.006719488,0.179322222,1.893894335,vapor,0.03,0.025,0.055,0.306710453
5,900,500,155.427,4.455785714,217.234,0.0044856,0.482742222,1.988387474,supercritical,0.045,0.03,0.075,0.15536242
5,900,1000,351.307,11.44471429,416.862,0.001711269,0.92636,2.110676053,supercritical,0.1,0.11,0.21,0.226693726
5,900,2000,560.929,20.40964286,609.617,0.012220884,1.354704444,2.211821466,supercritical,0.14,0.175,0.315,0.232523043
5,900,5000,784.648,31.20501429,827.07,0.03343989,1.837933333,2.315543107,supercritical,0.29,0.245,0.535,0.291087816
5,1000,1,1.31801,1.000607143,5.098,0.070025556,0.011328889,1.856,vapor,0,0,0,0
5,1000,2,1.54276,1.002128571,4.978,0.151738684,0.011062222,1.855942079,vapor,0,0,0,0
5,1000,5,2.05621,1.010124286,5.88,0.196176896,0.013066667,1.854997437,vapor,0,0,0,0
5,1000,10,3.07048,1.027117143,6.972,0.212205811,0.015493333,1.855396711,vapor,0,0,0,0
5,1000,20,5.11271,1.063107143,9.856,0.260851411,0.021902222,1.853440039,vapor,0,0,0,0
5,1000,50,11.5469,1.172328571,18.339,0.008070833,0.040753333,1.859121841,vapor,0.005,0.01,0.015,0.368068052
5,1000,100,21.6633,1.364941429,30.856,0.007964289,0.068568889,1.864013769,vapor,0.005,0,0.005,0.072919367
5,1000,200,45.873,1.799328571,63.465,0.007482814,0.141033333,1.876229974,vapor,0.01,0.01,0.02,0.141810447
5,1000,500,117.434,3.52205,142.561,0.006266594,0.316802222,1.940889906,supercritical,0.035,0.005,0.04,0.126261741
5,1000,1000,267.825,7.894545714,299.98,0.004381005,0.666622222,2.024397391,supercritical,0.05,0.13,0.18,0.270018001
5,1000,2000,476.329,15.8518,487.092,0.004886647,1.082426667,2.141405168,supercritical,0.11,0.14,0.25,0.230962529
5,1000,5000,725.829,27.50192857,725.533,0.011976058,1.612295556,2.267842073,supercritical,0.195,0.195,0.39,0.241891134
