298,0.1,997.04
298,0.2,997.05
298,0.3,997.05
298,0.4,997.06
298,0.5,997.06
298,0.6,997.07
298,0.7,997.07
298,0.8,997.08
298,0.9,997.08
298,1,997.09
298,1.1,997.09
298,1.2,997.09
298,1.3,997.1
298,1.4,997.1
298,1.5,997.11
298,1.6,997.11
298,1.7,997.12
298,1.8,997.12
298,1.9,997.13
298,2,997.13
298,2.1,997.14
298,2.2,997.14
298,2.3,997.14
298,2.4,997.15
298,2.5,997.15
298,2.6,997.16
298,2.7,997.16
298,2.8,997.17
298,2.9,997.17
298,3,997.18
298,3.1,997.18
298,3.2,997.18
298,3.3,997.19
298,3.4,997.19
298,3.5,997.2
298,3.6,997.2
298,3.7,997.21
298,3.8,997.21
298,3.9,997.22
298,4,997.22
298,4.1,997.23
298,4.2,997.23
298,4.3,997.23
298,4.4,997.24
298,4.5,997.24
298,4.6,997.25
298,4.7,997.25
298,4.8,997.26
298,4.9,997.26
298,5,997.27
298,5.1,997.27
298,5.2,997.27
298,5.3,997.28
298,5.4,997.28
298,5.5,997.29
298,5.6,997.29
298,5.7,997.3
298,5.8,997.3
298,5.9,997.31
298,6,997.31
298,6.1,997.32
298,6.2,997.32
298,6.3,997.32
298,6.4,997.33
298,6.5,997.33
298,6.6,997.34
298,6.7,997.34
298,6.8,997.35
298,6.9,997.35
298,7,997.36
298,7.1,997.36
298,7.2,997.37
298,7.3,997.37
298,7.4,997.37
298,7.5,997.38
298,7.6,997.38
298,7.7,997.39
298,7.8,997.39
298,7.9,997.4
298,8,997.4
298,8.1,997.41
298,8.2,997.41
298,8.3,997.41
298,8.4,997.42
298,8.5,997.42
298,8.6,997.43
298,8.7,997.43
298,8.8,997.44
298,8.9,997.44
298,9,997.45
298,9.1,997.45
298,9.2,997.46
298,9.3,997.46
298,9.4,997.46
298,9.5,997.47
298,9.6,997.47
298,9.7,997.48
298,9.8,997.48
298,9.9,997.49
298,10,997.49
298,11,997.54
298,12,997.58
298,13,997.63
298,14,997.67
298,15,997.72
298,16,997.76
298,17,997.81
298,18,997.85
298,19,997.9
298,20,997.94
298,21,997.99
298,22,998.03
298,23,998.08
298,24,998.12
298,25,998.17
298,26,998.21
298,27,998.26
298,28,998.3
298,29,998.35
298,30,998.39
298,31,998.44
298,32,998.48
298,33,998.52
298,34,998.57
298,35,998.61
298,36,998.66
298,37,998.7
298,38,998.75
298,39,998.79
298,40,998.84
298,41,998.88
298,42,998.93
298,43,998.97
298,44,999.02
298,45,999.06
298,46,999.11
298,47,999.15
298,48,999.2
298,49,999.24
298,50,999.29
298,51,999.33
298,52,999.37
298,53,999.42
298,54,999.46
298,55,999.51
298,56,999.55
298,57,999.6
298,58,999.64
298,59,999.69
298,60,999.73
298,61,999.78
298,62,999.82
298,63,999.87
298,64,999.91
298,65,999.95
298,66,1000
298,67,1000
298,68,1000.1
298,69,1000.1
298,70,1000.2
298,71,1000.2
298,72,1000.3
298,73,1000.3
298,74,1000.4
298,75,1000.4
298,76,1000.4
298,77,1000.5
298,78,1000.5
298,79,1000.6
298,80,1000.6
298,81,1000.7
298,82,1000.7
298,83,1000.8
298,84,1000.8
298,85,1000.8
298,86,1000.9
298,87,1000.9
298,88,1001
298,89,1001
298,90,1001.1
298,91,1001.1
298,92,1001.2
298,93,1001.2
298,94,1001.2
298,95,1001.3
298,96,1001.3
298,97,1001.4
298,98,1001.4
298,99,1001.5
298,100,1001.5
298,200,1005.9
298,300,1010.2
298,400,1014.4
298,500,1018.5
298,600,1022.5
298,700,1026.5
298,800,1030.4
298,900,1034.2
298,1000,1037.9
298,1100,1041.6
298,1200,1045.2
298,1300,1048.8
298,1400,1052.2
298,1500,1055.7
298,1600,1059
298,1700,1062.3
298,1800,1065.6
298,1900,1068.8
298,2000,1072
298,2100,1075.1
298,2200,1078.1
298,2300,1081.2
298,2400,1084.1
298,2500,1087.1
298,2600,1089.9
298,2700,1092.8
298,2800,1095.6
298,2900,1098.4
298,3000,1101.1
298,3100,1103.8
298,3200,1106.5
298,3300,1109.1
298,3400,1111.7
298,3500,1114.3
298,3600,1116.8
298,3700,1119.3
298,3800,1121.8
298,3900,1124.2
298,4000,1126.7
298,4100,1129
298,4200,1131.4
298,4300,1133.8
298,4400,1136.1
298,4500,1138.4
298,4600,1140.6
298,4700,1142.9
298,4800,1145.1
298,4900,1147.3
298,5000,1149.5
400,0.1,0.054226
400,0.2,0.10857
400,0.3,0.16302
400,0.4,0.2176
400,0.5,0.27229
400,0.6,0.32711
400,0.7,0.38205
400,0.8,0.43711
400,0.9,0.49229
400,1,0.54761
400,1.1,0.60305
400,1.2,0.65862
400,1.3,0.71432
400,1.4,0.77015
400,1.5,0.82612
400,1.6,0.88223
400,1.7,0.93848
400,1.8,0.99487
400,1.9,1.0514
400,2,1.1081
400,2.1,1.1649
400,2.2,1.2219
400,2.3,1.279
400,2.4,1.3363
400,2.4577,1.3694
400,2.4577,937.49
400,2.5,937.49
400,2.6,937.49
400,2.7,937.5
400,2.8,937.5
400,2.9,937.51
400,3,937.51
400,3.1,937.52
400,3.2,937.52
400,3.3,937.53
400,3.4,937.53
400,3.5,937.54
400,3.6,937.54
400,3.7,937.55
400,3.8,937.56
400,3.9,937.56
400,4,937.57
400,4.1,937.57
400,4.2,937.58
400,4.3,937.58
400,4.4,937.59
400,4.5,937.59
400,4.6,937.6
400,4.7,937.6
400,4.8,937.61
400,4.9,937.61
400,5,937.62
400,5.1,937.62
400,5.2,937.63
400,5.3,937.63
400,5.4,937.64
400,5.5,937.64
400,5.6,937.65
400,5.7,937.65
400,5.8,937.66
400,5.9,937.66
400,6,937.67
400,6.1,937.67
400,6.2,937.68
400,6.3,937.68
400,6.4,937.69
400,6.5,937.69
400,6.6,937.7
400,6.7,937.7
400,6.8,937.71
400,6.9,937.71
400,7,937.72
400,7.1,937.72
400,7.2,937.73
400,7.3,937.73
400,7.4,937.74
400,7.5,937.75
400,7.6,937.75
400,7.7,937.76
400,7.8,937.76
400,7.9,937.77
400,8,937.77
400,8.1,937.78
400,8.2,937.78
400,8.3,937.79
400,8.4,937.79
400,8.5,937.8
400,8.6,937.8
400,8.7,937.81
400,8.8,937.81
400,8.9,937.82
400,9,937.82
400,9.1,937.83
400,9.2,937.83
400,9.3,937.84
400,9.4,937.84
400,9.5,937.85
400,9.6,937.85
400,9.7,937.86
400,9.8,937.86
400,9.9,937.87
400,10,937.87
400,11,937.92
400,12,937.98
400,13,938.03
400,14,938.08
400,15,938.13
400,16,938.18
400,17,938.23
400,18,938.28
400,19,938.33
400,20,938.39
400,21,938.44
400,22,938.49
400,23,938.54
400,24,938.59
400,25,938.64
400,26,938.69
400,27,938.74
400,28,938.79
400,29,938.84
400,30,938.9
400,31,938.95
400,32,939
400,33,939.05
400,34,939.1
400,35,939.15
400,36,939.2
400,37,939.25
400,38,939.3
400,39,939.35
400,40,939.4
400,41,939.45
400,42,939.51
400,43,939.56
400,44,939.61
400,45,939.66
400,46,939.71
400,47,939.76
400,48,939.81
400,49,939.86
400,50,939.91
400,51,939.96
400,52,940.01
400,53,940.06
400,54,940.11
400,55,940.16
400,56,940.21
400,57,940.26
400,58,940.31
400,59,940.36
400,60,940.42
400,61,940.47
400,62,940.52
400,63,940.57
400,64,940.62
400,65,940.67
400,66,940.72
400,67,940.77
400,68,940.82
400,69,940.87
400,70,940.92
400,71,940.97
400,72,941.02
400,73,941.07
400,74,941.12
400,75,941.17
400,76,941.22
400,77,941.27
400,78,941.32
400,79,941.37
400,80,941.42
400,81,941.47
400,82,941.52
400,83,941.57
400,84,941.62
400,85,941.67
400,86,941.72
400,87,941.77
400,88,941.82
400,89,941.87
400,90,941.92
400,91,941.97
400,92,942.02
400,93,942.07
400,94,942.12
400,95,942.17
400,96,942.22
400,97,942.27
400,98,942.32
400,99,942.37
400,100,942.42
400,200,947.31
400,300,952.05
400,400,956.65
400,500,961.12
400,600,965.47
400,700,969.71
400,800,973.85
400,900,977.88
400,1000,981.82
400,1100,985.68
400,1200,989.45
400,1300,993.15
400,1400,996.77
400,1500,1000.3
400,1600,1003.8
400,1700,1007.2
400,1800,1010.6
400,1900,1013.9
400,2000,1017.1
400,2100,1020.3
400,2200,1023.5
400,2300,1026.5
400,2400,1029.6
400,2500,1032.6
400,2600,1035.5
400,2700,1038.5
400,2800,1041.3
400,2900,1044.2
400,3000,1047
400,3100,1049.7
400,3200,1052.4
400,3300,1055.1
400,3400,1057.8
400,3500,1060.4
400,3600,1063
400,3700,1065.6
400,3800,1068.1
400,3900,1070.6
400,4000,1073.1
400,4100,1075.5
400,4200,1077.9
400,4300,1080.3
400,4400,1082.7
400,4500,1085.1
400,4600,1087.4
400,4700,1089.7
400,4800,1092
400,4900,1094.2
400,5000,1096.4
500,0.1,0.043353
500,0.2,0.086741
500,0.3,0.13017
500,0.4,0.17363
500,0.5,0.21712
500,0.6,0.26065
500,0.7,0.30422
500,0.8,0.34782
500,0.9,0.39146
500,1,0.43514
500,1.1,0.47885
500,1.2,0.5226
500,1.3,0.56639
500,1.4,0.61021
500,1.5,0.65407
500,1.6,0.69797
500,1.7,0.74191
500,1.8,0.78588
500,1.9,0.82989
500,2,0.87394
500,2.1,0.91802
500,2.2,0.96214
500,2.3,1.0063
500,2.4,1.0505
500,2.5,1.0947
500,2.6,1.139
500,2.7,1.1833
500,2.8,1.2277
500,2.9,1.2721
500,3,1.3165
500,3.1,1.361
500,3.2,1.4055
500,3.3,1.45
500,3.4,1.4946
500,3.5,1.5393
500,3.6,1.5839
500,3.7,1.6286
500,3.8,1.6734
500,3.9,1.7182
500,4,1.763
500,4.1,1.8079
500,4.2,1.8528
500,4.3,1.8977
500,4.4,1.9427
500,4.5,1.9878
500,4.6,2.0328
500,4.7,2.0779
500,4.8,2.1231
500,4.9,2.1683
500,5,2.2135
500,5.1,2.2588
500,5.2,2.3041
500,5.3,2.3495
500,5.4,2.3949
500,5.5,2.4404
500,5.6,2.4859
500,5.7,2.5314
500,5.8,2.577
500,5.9,2.6226
500,6,2.6683
500,6.1,2.714
500,6.2,2.7597
500,6.3,2.8055
500,6.4,2.8514
500,6.5,2.8973
500,6.6,2.9432
500,6.7,2.9892
500,6.8,3.0352
500,6.9,3.0812
500,7,3.1274
500,7.1,3.1735
500,7.2,3.2197
500,7.3,3.2659
500,7.4,3.3122
500,7.5,3.3586
500,7.6,3.405
500,7.7,3.4514
500,7.8,3.4978
500,7.9,3.5444
500,8,3.5909
500,8.1,3.6375
500,8.2,3.6842
500,8.3,3.7309
500,8.4,3.7777
500,8.5,3.8245
500,8.6,3.8713
500,8.7,3.9182
500,8.8,3.9652
500,8.9,4.0121
500,9,4.0592
500,9.1,4.1063
500,9.2,4.1534
500,9.3,4.2006
500,9.4,4.2478
500,9.5,4.2951
500,9.6,4.3425
500,9.7,4.3898
500,9.8,4.4373
500,9.9,4.4848
500,10,4.5323
500,11,5.0104
500,12,5.4938
500,13,5.9826
500,14,6.4771
500,15,6.9775
500,16,7.4841
500,17,7.9972
500,18,8.5169
500,19,9.0438
500,20,9.5781
500,21,10.12
500,22,10.671
500,23,11.23
500,24,11.798
500,25,12.376
500,26,12.965
500,26.392,13.199
500,26.392,831.31
500,27,831.37
500,28,831.46
500,29,831.56
500,30,831.65
500,31,831.75
500,32,831.84
500,33,831.93
500,34,832.03
500,35,832.12
500,36,832.21
500,37,832.31
500,38,832.4
500,39,832.49
500,40,832.59
500,41,832.68
500,42,832.77
500,43,832.86
500,44,832.96
500,45,833.05
500,46,833.14
500,47,833.24
500,48,833.33
500,49,833.42
500,50,833.51
500,51,833.6
500,52,833.7
500,53,833.79
500,54,833.88
500,55,833.97
500,56,834.06
500,57,834.16
500,58,834.25
500,59,834.34
500,60,834.43
500,61,834.52
500,62,834.61
500,63,834.7
500,64,834.79
500,65,834.89
500,66,834.98
500,67,835.07
500,68,835.16
500,69,835.25
500,70,835.34
500,71,835.43
500,72,835.52
500,73,835.61
500,74,835.7
500,75,835.79
500,76,835.88
500,77,835.97
500,78,836.06
500,79,836.15
500,80,836.24
500,81,836.33
500,82,836.42
500,83,836.51
500,84,836.6
500,85,836.69
500,86,836.78
500,87,836.87
500,88,836.96
500,89,837.05
500,90,837.14
500,91,837.23
500,92,837.32
500,93,837.4
500,94,837.49
500,95,837.58
500,96,837.67
500,97,837.76
500,98,837.85
500,99,837.94
500,100,838.02
500,200,846.53
500,300,854.45
500,400,861.88
500,500,868.88
500,600,875.52
500,700,881.84
500,800,887.88
500,900,893.66
500,1000,899.21
500,1100,904.57
500,1200,909.73
500,1300,914.72
500,1400,919.55
500,1500,924.24
500,1600,928.79
500,1700,933.22
500,1800,937.53
500,1900,941.73
500,2000,945.83
500,2100,949.83
500,2200,953.74
500,2300,957.56
500,2400,961.31
500,2500,964.97
500,2600,968.57
500,2700,972.09
500,2800,975.55
500,2900,978.95
500,3000,982.28
500,3100,985.56
500,3200,988.78
500,3300,991.95
500,3400,995.07
500,3500,998.14
500,3600,1001.2
500,3700,1004.1
500,3800,1007.1
500,3900,1010
500,4000,1012.8
500,4100,1015.6
500,4200,1018.4
500,4300,1021.1
500,4400,1023.9
500,4500,1026.5
500,4600,1029.2
500,4700,1031.8
500,4800,1034.3
500,4900,1036.9
500,5000,1039.4
600,0.1,0.03612
600,0.2,0.072254
600,0.3,0.1084
600,0.4,0.14457
600,0.5,0.18075
600,0.6,0.21694
600,0.7,0.25314
600,0.8,0.28937
600,0.9,0.3256
600,1,0.36185
600,1.1,0.39812
600,1.2,0.4344
600,1.3,0.4707
600,1.4,0.50701
600,1.5,0.54333
600,1.6,0.57967
600,1.7,0.61603
600,1.8,0.65239
600,1.9,0.68878
600,2,0.72518
600,2.1,0.76159
600,2.2,0.79802
600,2.3,0.83446
600,2.4,0.87092
600,2.5,0.9074
600,2.6,0.94388
600,2.7,0.98039
600,2.8,1.0169
600,2.9,1.0534
600,3,1.09
600,3.1,1.1266
600,3.2,1.1631
600,3.3,1.1997
600,3.4,1.2363
600,3.5,1.273
600,3.6,1.3096
600,3.7,1.3463
600,3.8,1.3829
600,3.9,1.4196
600,4,1.4563
600,4.1,1.493
600,4.2,1.5298
600,4.3,1.5665
600,4.4,1.6033
600,4.5,1.64
600,4.6,1.6768
600,4.7,1.7136
600,4.8,1.7505
600,4.9,1.7873
600,5,1.8242
600,5.1,1.861
600,5.2,1.8979
600,5.3,1.9348
600,5.4,1.9717
600,5.5,2.0087
600,5.6,2.0456
600,5.7,2.0826
600,5.8,2.1195
600,5.9,2.1565
600,6,2.1936
600,6.1,2.2306
600,6.2,2.2676
600,6.3,2.3047
600,6.4,2.3417
600,6.5,2.3788
600,6.6,2.4159
600,6.7,2.4531
600,6.8,2.4902
600,6.9,2.5274
600,7,2.5645
600,7.1,2.6017
600,7.2,2.6389
600,7.3,2.6761
600,7.4,2.7134
600,7.5,2.7506
600,7.6,2.7879
600,7.7,2.8251
600,7.8,2.8624
600,7.9,2.8998
600,8,2.9371
600,8.1,2.9744
600,8.2,3.0118
600,8.3,3.0492
600,8.4,3.0866
600,8.5,3.124
600,8.6,3.1614
600,8.7,3.1988
600,8.8,3.2363
600,8.9,3.2738
600,9,3.3113
600,9.1,3.3488
600,9.2,3.3863
600,9.3,3.4238
600,9.4,3.4614
600,9.5,3.499
600,9.6,3.5365
600,9.7,3.5742
600,9.8,3.6118
600,9.9,3.6494
600,10,3.6871
600,11,4.0645
600,12,4.4437
600,13,4.8246
600,14,5.2072
600,15,5.5915
600,16,5.9777
600,17,6.3656
600,18,6.7554
600,19,7.1471
600,20,7.5406
600,21,7.9361
600,22,8.3335
600,23,8.7329
600,24,9.1343
600,25,9.5377
600,26,9.9432
600,27,10.351
600,28,10.761
600,29,11.172
600,30,11.587
600,31,12.003
600,32,12.422
600,33,12.843
600,34,13.266
600,35,13.692
600,36,14.12
600,37,14.55
600,38,14.983
600,39,15.419
600,40,15.857
600,41,16.298
600,42,16.742
600,43,17.188
600,44,17.637
600,45,18.089
600,46,18.544
600,47,19.002
600,48,19.462
600,49,19.926
600,50,20.393
600,51,20.863
600,52,21.337
600,53,21.813
600,54,22.293
600,55,22.777
600,56,23.263
600,57,23.754
600,58,24.248
600,59,24.746
600,60,25.247
600,61,25.753
600,62,26.262
600,63,26.775
600,64,27.293
600,65,27.815
600,66,28.341
600,67,28.871
600,68,29.406
600,69,29.945
600,70,30.49
600,71,31.039
600,72,31.593
600,73,32.152
600,74,32.716
600,75,33.285
600,76,33.86
600,77,34.441
600,78,35.027
600,79,35.62
600,80,36.218
600,81,36.822
600,82,37.433
600,83,38.05
600,84,38.675
600,85,39.306
600,86,39.944
600,87,40.589
600,88,41.243
600,89,41.904
600,90,42.573
600,91,43.25
600,92,43.936
600,93,44.631
600,94,45.335
600,95,46.049
600,96,46.772
600,97,47.506
600,98,48.25
600,99,49.006
600,100,49.773
600,101,50.551
600,102,51.342
600,103,52.146
600,104,52.964
600,105,53.795
600,106,54.641
600,107,55.503
600,108,56.381
600,109,57.275
600,110,58.188
600,111,59.119
600,112,60.07
600,113,61.041
600,114,62.035
600,115,63.053
600,116,64.095
600,117,65.164
600,118,66.261
600,119,67.389
600,120,68.549
600,121,69.745
600,122,70.979
600,123,72.256
600,123.45,72.842
600,123.45,649.41
600,124,649.64
600,125,650.04
600,126,650.44
600,127,650.84
600,128,651.23
600,129,651.63
600,130,652.02
600,131,652.41
600,132,652.8
600,133,653.18
600,134,653.56
600,135,653.94
600,136,654.32
600,137,654.7
600,138,655.07
600,139,655.44
600,140,655.81
600,141,656.18
600,142,656.55
600,143,656.91
600,144,657.27
600,145,657.63
600,146,657.99
600,147,658.35
600,148,658.7
600,149,659.06
600,150,659.41
600,151,659.76
600,152,660.1
600,153,660.45
600,154,660.79
600,155,661.14
600,156,661.48
600,157,661.82
600,158,662.16
600,159,662.49
600,160,662.83
600,161,663.16
600,162,663.49
600,163,663.82
600,164,664.15
600,165,664.48
600,166,664.8
600,167,665.13
600,168,665.45
600,169,665.77
600,170,666.09
600,171,666.41
600,172,666.73
600,173,667.04
600,174,667.36
600,175,667.67
600,176,667.98
600,177,668.29
600,178,668.6
600,179,668.91
600,180,669.22
600,181,669.52
600,182,669.83
600,183,670.13
600,184,670.43
600,185,670.73
600,186,671.03
600,187,671.33
600,188,671.63
600,189,671.92
600,190,672.22
600,191,672.51
600,192,672.81
600,193,673.1
600,194,673.39
600,195,673.68
600,196,673.97
600,197,674.25
600,198,674.54
600,199,674.82
600,200,675.11
600,300,699.47
600,400,718.58
600,500,734.55
600,600,748.41
600,700,760.73
600,800,771.87
600,900,782.07
600,1000,791.49
600,1100,800.28
600,1200,808.51
600,1300,816.28
600,1400,823.64
600,1500,830.63
600,1600,837.3
600,1700,843.68
600,1800,849.8
600,1900,855.68
600,2000,861.35
600,2100,866.83
600,2200,872.12
600,2300,877.24
600,2400,882.21
600,2500,887.03
600,2600,891.72
600,2700,896.29
600,2800,900.74
600,2900,905.07
600,3000,909.3
600,3100,913.44
600,3200,917.48
600,3300,921.43
600,3400,925.3
600,3500,929.09
600,3600,932.81
600,3700,936.45
600,3800,940.02
600,3900,943.53
600,4000,946.98
600,4100,950.37
600,4200,953.7
600,4300,956.97
600,4400,960.2
600,4500,963.37
600,4600,966.49
600,4700,969.57
600,4800,972.6
600,4900,975.58
600,5000,978.53
700,0.1,0.030957
700,0.2,0.061921
700,0.3,0.092892
700,0.4,0.12387
700,0.5,0.15485
700,0.6,0.18585
700,0.7,0.21685
700,0.8,0.24785
700,0.9,0.27886
700,1,0.30988
700,1.1,0.34091
700,1.2,0.37194
700,1.3,0.40298
700,1.4,0.43403
700,1.5,0.46508
700,1.6,0.49614
700,1.7,0.52721
700,1.8,0.55829
700,1.9,0.58937
700,2,0.62046
700,2.1,0.65155
700,2.2,0.68265
700,2.3,0.71376
700,2.4,0.74488
700,2.5,0.776
700,2.6,0.80714
700,2.7,0.83827
700,2.8,0.86942
700,2.9,0.90057
700,3,0.93173
700,3.1,0.96289
700,3.2,0.99407
700,3.3,1.0252
700,3.4,1.0564
700,3.5,1.0876
700,3.6,1.1188
700,3.7,1.15
700,3.8,1.1812
700,3.9,1.2125
700,4,1.2437
700,4.1,1.2749
700,4.2,1.3062
700,4.3,1.3374
700,4.4,1.3687
700,4.5,1.4
700,4.6,1.4312
700,4.7,1.4625
700,4.8,1.4938
700,4.9,1.5251
700,5,1.5564
700,5.1,1.5877
700,5.2,1.619
700,5.3,1.6503
700,5.4,1.6817
700,5.5,1.713
700,5.6,1.7443
700,5.7,1.7757
700,5.8,1.807
700,5.9,1.8384
700,6,1.8698
700,6.1,1.9011
700,6.2,1.9325
700,6.3,1.9639
700,6.4,1.9953
700,6.5,2.0267
700,6.6,2.0581
700,6.7,2.0896
700,6.8,2.121
700,6.9,2.1524
700,7,2.1839
700,7.1,2.2153
700,7.2,2.2468
700,7.3,2.2782
700,7.4,2.3097
700,7.5,2.3412
700,7.6,2.3727
700,7.7,2.4042
700,7.8,2.4357
700,7.9,2.4672
700,8,2.4987
700,8.1,2.5302
700,8.2,2.5618
700,8.3,2.5933
700,8.4,2.6248
700,8.5,2.6564
700,8.6,2.6879
700,8.7,2.7195
700,8.8,2.7511
700,8.9,2.7827
700,9,2.8143
700,9.1,2.8458
700,9.2,2.8775
700,9.3,2.9091
700,9.4,2.9407
700,9.5,2.9723
700,9.6,3.0039
700,9.7,3.0356
700,9.8,3.0672
700,9.9,3.0989
700,10,3.1305
700,11,3.4476
700,12,3.7653
700,13,4.0838
700,14,4.4031
700,15,4.7231
700,16,5.0438
700,17,5.3654
700,18,5.6877
700,19,6.0108
700,20,6.3346
700,21,6.6593
700,22,6.9847
700,23,7.311
700,24,7.638
700,25,7.9658
700,26,8.2945
700,27,8.624
700,28,8.9543
700,29,9.2855
700,30,9.6174
700,31,9.9503
700,32,10.284
700,33,10.618
700,34,10.954
700,35,11.29
700,36,11.627
700,37,11.965
700,38,12.304
700,39,12.644
700,40,12.985
700,41,13.326
700,42,13.669
700,43,14.012
700,44,14.357
700,45,14.702
700,46,15.048
700,47,15.395
700,48,15.743
700,49,16.092
700,50,16.442
700,51,16.793
700,52,17.145
700,53,17.498
700,54,17.852
700,55,18.207
700,56,18.563
700,57,18.92
700,58,19.278
700,59,19.637
700,60,19.998
700,61,20.359
700,62,20.721
700,63,21.084
700,64,21.449
700,65,21.814
700,66,22.18
700,67,22.548
700,68,22.917
700,69,23.287
700,70,23.658
700,71,24.03
700,72,24.403
700,73,24.777
700,74,25.153
700,75,25.53
700,76,25.907
700,77,26.286
700,78,26.667
700,79,27.048
700,80,27.431
700,81,27.815
700,82,28.2
700,83,28.586
700,84,28.974
700,85,29.363
700,86,29.753
700,87,30.144
700,88,30.537
700,89,30.931
700,90,31.327
700,91,31.723
700,92,32.121
700,93,32.521
700,94,32.921
700,95,33.323
700,96,33.727
700,97,34.132
700,98,34.538
700,99,34.946
700,110,39.527
700,120,43.857
700,130,48.358
700,140,53.047
700,150,57.942
700,160,63.065
700,170,68.44
700,180,74.095
700,190,80.062
700,200,86.38
700,210,93.093
700,220,100.25
700,230,107.92
700,230,107.92
700,230,107.92
700,240,116.17
700,250,125.09
700,260,134.79
700,270,145.39
700,280,157.04
700,290,169.93
700,300,184.24
700,310,200.17
700,320,217.87
700,330,237.38
700,340,258.47
700,350,280.63
700,360,303.07
700,370,325.02
700,380,345.87
700,390,365.26
700,400,383.02
700,410,399.09
700,420,413.54
700,430,426.53
700,440,438.26
700,450,448.92
700,460,458.67
700,470,467.66
700,480,476
700,490,483.76
700,500,491.03
700,600,545.71
700,700,582.34
700,800,610.12
700,900,632.67
700,1000,651.77
700,1100,668.41
700,1200,683.19
700,1300,696.53
700,1400,708.71
700,1500,719.92
700,1600,730.34
700,1700,740.07
700,1800,749.21
700,1900,757.84
700,2000,766.01
700,2100,773.78
700,2200,781.19
700,2300,788.27
700,2400,795.07
700,2500,801.59
700,2600,807.87
700,2700,813.92
700,2800,819.77
700,2900,825.43
700,3000,830.91
700,3100,836.22
700,3200,841.38
700,3300,846.4
700,3400,851.28
700,3500,856.04
700,3600,860.67
700,3700,865.2
700,3800,869.62
700,3900,873.93
700,4000,878.15
700,4100,882.28
700,4200,886.33
700,4300,890.29
700,4400,894.17
700,4500,897.98
700,4600,901.72
700,4700,905.39
700,4800,908.99
700,4900,912.54
700,5000,916.02
800,0.1,0.027086
800,0.2,0.054176
800,0.3,0.08127
800,0.4,0.10837
800,0.5,0.13547
800,0.6,0.16257
800,0.7,0.18968
800,0.8,0.21679
800,0.9,0.24391
800,1,0.27102
800,1.1,0.29815
800,1.2,0.32527
800,1.3,0.3524
800,1.4,0.37953
800,1.5,0.40667
800,1.6,0.43381
800,1.7,0.46095
800,1.8,0.4881
800,1.9,0.51525
800,2,0.54241
800,2.1,0.56956
800,2.2,0.59673
800,2.3,0.62389
800,2.4,0.65106
800,2.5,0.67823
800,2.6,0.70541
800,2.7,0.73259
800,2.8,0.75977
800,2.9,0.78696
800,3,0.81415
800,3.1,0.84134
800,3.2,0.86854
800,3.3,0.89574
800,3.4,0.92295
800,3.5,0.95015
800,3.6,0.97737
800,3.7,1.0046
800,3.8,1.0318
800,3.9,1.059
800,4,1.0863
800,4.1,1.1135
800,4.2,1.1407
800,4.3,1.168
800,4.4,1.1952
800,4.5,1.2224
800,4.6,1.2497
800,4.7,1.2769
800,4.8,1.3042
800,4.9,1.3315
800,5,1.3587
800,5.1,1.386
800,5.2,1.4133
800,5.3,1.4405
800,5.4,1.4678
800,5.5,1.4951
800,5.6,1.5224
800,5.7,1.5497
800,5.8,1.5769
800,5.9,1.6042
800,6,1.6315
800,6.1,1.6588
800,6.2,1.6862
800,6.3,1.7135
800,6.4,1.7408
800,6.5,1.7681
800,6.6,1.7954
800,6.7,1.8227
800,6.8,1.8501
800,6.9,1.8774
800,7,1.9047
800,7.1,1.9321
800,7.2,1.9594
800,7.3,1.9868
800,7.4,2.0141
800,7.5,2.0415
800,7.6,2.0688
800,7.7,2.0962
800,7.8,2.1236
800,7.9,2.1509
800,8,2.1783
800,8.1,2.2057
800,8.2,2.2331
800,8.3,2.2604
800,8.4,2.2878
800,8.5,2.3152
800,8.6,2.3426
800,8.7,2.37
800,8.8,2.3974
800,8.9,2.4248
800,9,2.4522
800,9.1,2.4796
800,9.2,2.5071
800,9.3,2.5345
800,9.4,2.5619
800,9.5,2.5893
800,9.6,2.6168
800,9.7,2.6442
800,9.8,2.6716
800,9.9,2.6991
800,10,2.7265
800,11,3.0012
800,12,3.2762
800,13,3.5516
800,14,3.8274
800,15,4.1036
800,16,4.3801
800,17,4.657
800,18,4.9343
800,19,5.212
800,20,5.4901
800,21,5.7685
800,22,6.0473
800,23,6.3266
800,24,6.6062
800,25,6.8861
800,26,7.1665
800,27,7.4473
800,28,7.7285
800,29,8.01
800,30,8.292
800,31,8.5744
800,32,8.8571
800,33,9.1403
800,34,9.4239
800,35,9.7078
800,36,9.9922
800,37,10.277
800,38,10.562
800,39,10.848
800,40,11.134
800,41,11.42
800,42,11.707
800,43,11.994
800,44,12.282
800,45,12.57
800,46,12.859
800,47,13.148
800,48,13.437
800,49,13.727
800,50,14.017
800,51,14.307
800,52,14.599
800,53,14.89
800,54,15.182
800,55,15.474
800,56,15.767
800,57,16.06
800,58,16.354
800,59,16.648
800,60,16.943
800,61,17.238
800,62,17.533
800,63,17.829
800,64,18.125
800,65,18.422
800,66,18.72
800,67,19.017
800,68,19.315
800,69,19.614
800,70,19.913
800,71,20.213
800,72,20.513
800,73,20.813
800,74,21.114
800,75,21.415
800,76,21.717
800,77,22.02
800,78,22.322
800,79,22.626
800,80,22.929
800,81,23.234
800,82,23.538
800,83,23.844
800,84,24.149
800,85,24.455
800,86,24.762
800,87,25.069
800,88,25.377
800,89,25.685
800,90,25.994
800,91,26.303
800,92,26.612
800,93,26.922
800,94,27.233
800,95,27.544
800,96,27.856
800,97,28.168
800,98,28.48
800,99,28.794
800,100,29.107
800,200,63.396
800,300,105
800,300,105
800,300,105
800,400,156.3
800,500,218.07
800,600,285.65
800,700,349.35
800,800,403.06
800,900,446.63
800,1000,482.23
800,1100,511.95
800,1200,537.3
800,1300,559.34
800,1400,578.82
800,1500,596.26
800,1600,612.05
800,1700,626.49
800,1800,639.8
800,1900,652.14
800,2000,663.65
800,2100,674.45
800,2200,684.62
800,2300,694.22
800,2400,703.34
800,2500,712.01
800,2600,720.27
800,2700,728.18
800,2800,735.75
800,2900,743.03
800,3000,750.02
800,3100,756.77
800,3200,763.27
800,3300,769.56
800,3400,775.65
800,3500,781.55
800,3600,787.27
800,3700,792.82
800,3800,798.22
800,3900,803.48
800,4000,808.59
800,4100,813.58
800,4200,818.45
800,4300,823.2
800,4400,827.84
800,4500,832.37
800,4600,836.81
800,4700,841.15
800,4800,845.41
800,4900,849.57
800,5000,853.66
900,0.1,0.024076
900,0.2,0.048154
900,0.3,0.072234
900,0.4,0.096316
900,0.5,0.1204
900,0.6,0.14449
900,0.7,0.16857
900,0.8,0.19266
900,0.9,0.21676
900,1,0.24085
900,1.1,0.26494
900,1.2,0.28904
900,1.3,0.31314
900,1.4,0.33724
900,1.5,0.36135
900,1.6,0.38545
900,1.7,0.40956
900,1.8,0.43367
900,1.9,0.45778
900,2,0.48189
900,2.1,0.50601
900,2.2,0.53013
900,2.3,0.55425
900,2.4,0.57837
900,2.5,0.60249
900,2.6,0.62662
900,2.7,0.65074
900,2.8,0.67487
900,2.9,0.699
900,3,0.72314
900,3.1,0.74727
900,3.2,0.77141
900,3.3,0.79555
900,3.4,0.81969
900,3.5,0.84383
900,3.6,0.86798
900,3.7,0.89212
900,3.8,0.91627
900,3.9,0.94042
900,4,0.96457
900,4.1,0.98873
900,4.2,1.0129
900,4.3,1.037
900,4.4,1.0612
900,4.5,1.0854
900,4.6,1.1095
900,4.7,1.1337
900,4.8,1.1579
900,4.9,1.182
900,5,1.2062
900,5.1,1.2304
900,5.2,1.2546
900,5.3,1.2787
900,5.4,1.3029
900,5.5,1.3271
900,5.6,1.3513
900,5.7,1.3755
900,5.8,1.3997
900,5.9,1.4239
900,6,1.448
900,6.1,1.4722
900,6.2,1.4964
900,6.3,1.5206
900,6.4,1.5448
900,6.5,1.569
900,6.6,1.5932
900,6.7,1.6174
900,6.8,1.6417
900,6.9,1.6659
900,7,1.6901
900,7.1,1.7143
900,7.2,1.7385
900,7.3,1.7627
900,7.4,1.7869
900,7.5,1.8112
900,7.6,1.8354
900,7.7,1.8596
900,7.8,1.8838
900,7.9,1.9081
900,8,1.9323
900,8.1,1.9565
900,8.2,1.9808
900,8.3,2.005
900,8.4,2.0293
900,8.5,2.0535
900,8.6,2.0777
900,8.7,2.102
900,8.8,2.1262
900,8.9,2.1505
900,9,2.1747
900,9.1,2.199
900,9.2,2.2232
900,9.3,2.2475
900,9.4,2.2718
900,9.5,2.296
900,9.6,2.3203
900,9.7,2.3446
900,9.8,2.3688
900,9.9,2.3931
900,10,2.4174
900,11,2.6602
900,12,2.9032
900,13,3.1465
900,14,3.3899
900,15,3.6335
900,16,3.8773
900,17,4.1214
900,18,4.3656
900,19,4.6101
900,20,4.8547
900,21,5.0996
900,22,5.3446
900,23,5.5899
900,24,5.8353
900,25,6.081
900,26,6.3269
900,27,6.573
900,28,6.8192
900,29,7.0657
900,30,7.3124
900,31,7.5594
900,32,7.8065
900,33,8.0538
900,34,8.3013
900,35,8.5491
900,36,8.7971
900,37,9.0452
900,38,9.2936
900,39,9.5422
900,40,9.791
900,41,10.04
900,42,10.289
900,43,10.539
900,44,10.788
900,45,11.038
900,46,11.288
900,47,11.539
900,48,11.789
900,49,12.04
900,50,12.291
900,51,12.542
900,52,12.793
900,53,13.045
900,54,13.297
900,55,13.549
900,56,13.801
900,57,14.054
900,58,14.306
900,59,14.559
900,60,14.812
900,61,15.066
900,62,15.319
900,63,15.573
900,64,15.827
900,65,16.081
900,66,16.336
900,67,16.59
900,68,16.845
900,69,17.1
900,70,17.356
900,71,17.611
900,72,17.867
900,73,18.123
900,74,18.379
900,75,18.636
900,76,18.893
900,77,19.15
900,78,19.407
900,79,19.664
900,80,19.922
900,81,20.18
900,82,20.438
900,83,20.696
900,84,20.955
900,85,21.213
900,86,21.472
900,87,21.732
900,88,21.991
900,89,22.251
900,90,22.511
900,91,22.771
900,92,23.031
900,93,23.292
900,94,23.553
900,95,23.814
900,96,24.075
900,97,24.337
900,98,24.599
900,99,24.861
900,100,25.123
900,200,52.615
900,300,82.84
900,300,82.84
900,300,82.84
900,400,116.01
900,500,152.03
900,600,190.4
900,700,230.08
900,800,269.72
900,900,307.92
900,1000,343.61
900,1100,376.27
900,1200,405.82
900,1300,432.47
900,1400,456.53
900,1500,478.34
900,1600,498.23
900,1700,516.47
900,1800,533.29
900,1900,548.87
900,2000,563.38
900,2100,576.94
900,2200,589.67
900,2300,601.67
900,2400,613.01
900,2500,623.75
900,2600,633.97
900,2700,643.7
900,2800,652.99
900,2900,661.88
900,3000,670.4
900,3100,678.58
900,3200,686.45
900,3300,694.03
900,3400,701.35
900,3500,708.41
900,3600,715.24
900,3700,721.85
900,3800,728.26
900,3900,734.48
900,4000,740.52
900,4100,746.39
900,4200,752.1
900,4300,757.66
900,4400,763.08
900,4500,768.37
900,4600,773.52
900,4700,778.56
900,4800,783.48
900,4900,788.29
900,5000,792.99
1000,0.1,0.021668
1000,0.2,0.043337
1000,0.3,0.065008
1000,0.4,0.086679
1000,0.5,0.10835
1000,0.6,0.13003
1000,0.7,0.1517
1000,0.8,0.17338
1000,0.9,0.19505
1000,1,0.21673
1000,1.1,0.23841
1000,1.2,0.26009
1000,1.3,0.28177
1000,1.4,0.30345
1000,1.5,0.32514
1000,1.6,0.34682
1000,1.7,0.36851
1000,1.8,0.3902
1000,1.9,0.41188
1000,2,0.43357
1000,2.1,0.45526
1000,2.2,0.47696
1000,2.3,0.49865
1000,2.4,0.52034
1000,2.5,0.54204
1000,2.6,0.56373
1000,2.7,0.58543
1000,2.8,0.60713
1000,2.9,0.62883
1000,3,0.65053
1000,3.1,0.67223
1000,3.2,0.69393
1000,3.3,0.71563
1000,3.4,0.73734
1000,3.5,0.75904
1000,3.6,0.78075
1000,3.7,0.80246
1000,3.8,0.82417
1000,3.9,0.84588
1000,4,0.86759
1000,4.1,0.8893
1000,4.2,0.91102
1000,4.3,0.93273
1000,4.4,0.95445
1000,4.5,0.97616
1000,4.6,0.99788
1000,4.7,1.0196
1000,4.8,1.0413
1000,4.9,1.063
1000,5,1.0848
1000,5.1,1.1065
1000,5.2,1.1282
1000,5.3,1.1499
1000,5.4,1.1717
1000,5.5,1.1934
1000,5.6,1.2151
1000,5.7,1.2369
1000,5.8,1.2586
1000,5.9,1.2803
1000,6,1.302
1000,6.1,1.3238
1000,6.2,1.3455
1000,6.3,1.3673
1000,6.4,1.389
1000,6.5,1.4107
1000,6.6,1.4325
1000,6.7,1.4542
1000,6.8,1.476
1000,6.9,1.4977
1000,7,1.5194
1000,7.1,1.5412
1000,7.2,1.5629
1000,7.3,1.5847
1000,7.4,1.6064
1000,7.5,1.6282
1000,7.6,1.6499
1000,7.7,1.6717
1000,7.8,1.6934
1000,7.9,1.7152
1000,8,1.737
1000,8.1,1.7587
1000,8.2,1.7805
1000,8.3,1.8022
1000,8.4,1.824
1000,8.5,1.8457
1000,8.6,1.8675
1000,8.7,1.8893
1000,8.8,1.911
1000,8.9,1.9328
1000,9,1.9546
1000,9.1,1.9763
1000,9.2,1.9981
1000,9.3,2.0199
1000,9.4,2.0417
1000,9.5,2.0634
1000,9.6,2.0852
1000,9.7,2.107
1000,9.8,2.1287
1000,9.9,2.1505
1000,10,2.1723
1000,11,2.3901
1000,12,2.6081
1000,13,2.8262
1000,14,3.0443
1000,15,3.2626
1000,16,3.481
1000,17,3.6996
1000,18,3.9182
1000,19,4.1369
1000,20,4.3558
1000,21,4.5747
1000,22,4.7938
1000,23,5.013
1000,24,5.2323
1000,25,5.4517
1000,26,5.6713
1000,27,5.8909
1000,28,6.1107
1000,29,6.3306
1000,30,6.5506
1000,31,6.7707
1000,32,6.9909
1000,33,7.2112
1000,34,7.4317
1000,35,7.6522
1000,36,7.8729
1000,37,8.0937
1000,38,8.3146
1000,39,8.5356
1000,40,8.7568
1000,41,8.978
1000,42,9.1994
1000,43,9.4209
1000,44,9.6425
1000,45,9.8642
1000,46,10.086
1000,47,10.308
1000,48,10.53
1000,49,10.752
1000,50,10.975
1000,51,11.197
1000,52,11.419
1000,53,11.642
1000,54,11.865
1000,55,12.088
1000,56,12.311
1000,57,12.534
1000,58,12.757
1000,59,12.98
1000,60,13.204
1000,61,13.428
1000,62,13.651
1000,63,13.875
1000,64,14.099
1000,65,14.323
1000,66,14.547
1000,67,14.772
1000,68,14.996
1000,69,15.221
1000,70,15.445
1000,71,15.67
1000,72,15.895
1000,73,16.12
1000,74,16.345
1000,75,16.57
1000,76,16.796
1000,77,17.021
1000,78,17.247
1000,79,17.472
1000,80,17.698
1000,81,17.924
1000,82,18.15
1000,83,18.377
1000,84,18.603
1000,85,18.829
1000,86,19.056
1000,87,19.283
1000,88,19.509
1000,89,19.736
1000,90,19.963
1000,91,20.191
1000,92,20.418
1000,93,20.645
1000,94,20.873
1000,95,21.101
1000,96,21.328
1000,97,21.556
1000,98,21.784
1000,99,22.012
1000,100,22.241
1000,200,45.696
1000,300,70.42
1000,300,70.42
1000,300,70.42
1000,400,96.389
1000,500,123.48
1000,600,151.47
1000,700,180.05
1000,800,208.83
1000,900,237.43
1000,1000,265.45
1000,1100,292.54
1000,1200,318.44
1000,1300,342.99
1000,1400,366.11
1000,1500,387.79
1000,1600,408.1
1000,1700,427.11
1000,1800,444.92
1000,1900,461.65
1000,2000,477.38
1000,2100,492.21
1000,2200,506.23
1000,2300,519.52
1000,2400,532.13
1000,2500,544.14
1000,2600,555.58
1000,2700,566.52
1000,2800,576.98
1000,2900,587.01
1000,3000,596.64
1000,3100,605.9
1000,3200,614.82
1000,3300,623.41
1000,3400,631.7
1000,3500,639.71
1000,3600,647.45
1000,3700,654.95
1000,3800,662.22
1000,3900,669.27
1000,4000,676.11
1000,4100,682.75
1000,4200,689.21
1000,4300,695.5
1000,4400,701.62
1000,4500,707.58
1000,4600,713.39
1000,4700,719.06
1000,4800,724.59
1000,4900,730
1000,5000,735.28
273.16,0.0061165,0.0048546
273.16,0.0061165,999.79
273.16,16.667,1000.6
273.16,33.333,1001.5
273.16,50,1002.3
273.16,66.667,1003.2
273.16,83.333,1004
273.16,100,1004.8
273.16,116.67,1005.6
273.16,133.33,1006.5
273.16,150,1007.3
273.16,166.67,1008.1
273.16,183.33,1008.9
273.16,200,1009.7
273.16,216.67,1010.5
273.16,233.33,1011.3
273.16,250,1012.2
273.16,266.67,1012.9
273.16,283.33,1013.7
273.16,300,1014.5
273.16,316.67,1015.3
273.16,333.33,1016.1
273.16,350,1016.9
273.16,366.67,1017.7
273.16,383.33,1018.5
273.16,400,1019.2
273.16,416.67,1020
273.16,433.33,1020.8
273.16,450,1021.5
273.16,466.67,1022.3
273.16,483.33,1023.1
273.16,500,1023.8
273.16,516.67,1024.6
273.16,533.33,1025.3
273.16,550,1026.1
273.16,566.67,1026.8
273.16,583.33,1027.6
273.16,600,1028.3
273.16,616.67,1029
273.16,633.33,1029.8
273.16,650,1030.5
273.16,666.67,1031.2
273.16,683.33,1032
273.16,700,1032.7
273.16,716.67,1033.4
273.16,733.33,1034.1
273.16,750,1034.8
273.16,766.67,1035.6
273.16,783.33,1036.3
273.16,800,1037
273.16,816.67,1037.7
273.16,833.33,1038.4
273.16,850,1039.1
273.16,866.67,1039.8
273.16,883.33,1040.5
273.16,900,1041.2
273.16,916.67,1041.9
273.16,933.33,1042.5
273.16,950,1043.2
273.16,966.67,1043.9
273.16,983.33,1044.6
273.16,1000,1045.3
273.16,1016.7,1046
273.16,1033.3,1046.6
273.16,1050,1047.3
273.16,1066.7,1048
273.16,1083.3,1048.6
273.16,1100,1049.3
273.16,1116.7,1050
273.16,1133.3,1050.6
273.16,1150,1051.3
273.16,1166.7,1051.9
273.16,1183.3,1052.6
273.16,1200,1053.2
273.16,1216.7,1053.9
273.16,1233.3,1054.5
273.16,1250,1055.2
273.16,1266.7,1055.8
273.16,1283.3,1056.4
273.16,1300,1057.1
273.16,1316.7,1057.7
273.16,1333.3,1058.3
273.16,1350,1059
273.16,1366.7,1059.6
273.16,1383.3,1060.2
273.16,1400,1060.8
273.16,1416.7,1061.5
273.16,1433.3,1062.1
273.16,1450,1062.7
273.16,1466.7,1063.3
273.16,1483.3,1063.9
273.16,1500,1064.5
273.16,1516.7,1065.1
273.16,1533.3,1065.7
273.16,1550,1066.3
273.16,1566.7,1067
273.16,1583.3,1067.6
273.16,1600,1068.2
273.16,1616.7,1068.7
273.16,1633.3,1069.3
273.16,1650,1069.9
273.16,1666.7,1070.5
273.16,1683.3,1071.1
273.16,1700,1071.7
273.16,1716.7,1072.3
273.16,1733.3,1072.9
273.16,1750,1073.4
273.16,1766.7,1074
273.16,1783.3,1074.6
273.16,1800,1075.2
273.16,1816.7,1075.8
273.16,1833.3,1076.3
273.16,1850,1076.9
273.16,1866.7,1077.5
273.16,1883.3,1078
273.16,1900,1078.6
273.16,1916.7,1079.2
273.16,1933.3,1079.7
273.16,1950,1080.3
273.16,1966.7,1080.8
273.16,1983.3,1081.4
273.16,2000,1081.9
273.16,2016.7,1082.5
273.16,2033.3,1083
273.16,2050,1083.6
273.16,2066.7,1084.1
273.16,2083.3,1084.7
273.16,2100,1085.2
273.16,2116.7,1085.8
273.16,2133.3,1086.3
273.16,2150,1086.9
273.16,2166.7,1087.4
273.16,2183.3,1087.9
273.16,2200,1088.5
273.16,2216.7,1089
273.16,2233.3,1089.5
273.16,2250,1090.1
273.16,2266.7,1090.6
273.16,2283.3,1091.1
273.16,2300,1091.6
273.16,2316.7,1092.2
273.16,2333.3,1092.7
273.16,2350,1093.2
273.16,2366.7,1093.7
273.16,2383.3,1094.2
273.16,2400,1094.8
273.16,2416.7,1095.3
273.16,2433.3,1095.8
273.16,2450,1096.3
273.16,2466.7,1096.8
273.16,2483.3,1097.3
273.16,2500,1097.8
273.16,2516.7,1098.3
273.16,2533.3,1098.8
273.16,2550,1099.3
273.16,2566.7,1099.8
273.16,2583.3,1100.3
273.16,2600,1100.8
273.16,2616.7,1101.3
273.16,2633.3,1101.8
273.16,2650,1102.3
273.16,2666.7,1102.8
273.16,2683.3,1103.3
273.16,2700,1103.8
273.16,2716.7,1104.3
273.16,2733.3,1104.8
273.16,2750,1105.3
273.16,2766.7,1105.8
273.16,2783.3,1106.2
273.16,2800,1106.7
273.16,2816.7,1107.2
273.16,2833.3,1107.7
273.16,2850,1108.2
273.16,2866.7,1108.7
273.16,2883.3,1109.1
273.16,2900,1109.6
273.16,2916.7,1110.1
273.16,2933.3,1110.6
273.16,2950,1111
273.16,2966.7,1111.5
273.16,2983.3,1112
273.16,3000,1112.4
273.16,3016.7,1112.9
273.16,3033.3,1113.4
273.16,3050,1113.8
273.16,3066.7,1114.3
273.16,3083.3,1114.8
273.16,3100,1115.2
273.16,3116.7,1115.7
273.16,3133.3,1116.2
273.16,3150,1116.6
273.16,3166.7,1117.1
273.16,3183.3,1117.5
273.16,3200,1118
273.16,3216.7,1118.4
273.16,3233.3,1118.9
273.16,3250,1119.3
273.16,3266.7,1119.8
273.16,3283.3,1120.2
273.16,3300,1120.7
273.16,3316.7,1121.1
273.16,3333.3,1121.6
273.16,3350,1122
273.16,3366.7,1122.5
273.16,3383.3,1122.9
273.16,3400,1123.4
273.16,3416.7,1123.8
273.16,3433.3,1124.3
273.16,3450,1124.7
273.16,3466.7,1125.1
273.16,3483.3,1125.6
273.16,3500,1126
273.16,3516.7,1126.4
273.16,3533.3,1126.9
273.16,3550,1127.3
273.16,3566.7,1127.8
273.16,3583.3,1128.2
273.16,3600,1128.6
273.16,3616.7,1129
273.16,3633.3,1129.5
273.16,3650,1129.9
273.16,3666.7,1130.3
273.16,3683.3,1130.8
273.16,3700,1131.2
273.16,3716.7,1131.6
273.16,3733.3,1132
273.16,3750,1132.5
273.16,3766.7,1132.9
273.16,3783.3,1133.3
273.16,3800,1133.7
273.16,3816.7,1134.1
273.16,3833.3,1134.6
273.16,3850,1135
273.16,3866.7,1135.4
273.16,3883.3,1135.8
273.16,3900,1136.2
273.16,3916.7,1136.6
273.16,3933.3,1137.1
273.16,3950,1137.5
273.16,3966.7,1137.9
273.16,3983.3,1138.3
273.16,4000,1138.7
273.16,4016.7,1139.1
273.16,4033.3,1139.5
273.16,4050,1139.9
273.16,4066.7,1140.3
273.16,4083.3,1140.7
273.16,4100,1141.1
273.16,4116.7,1141.5
273.16,4133.3,1142
273.16,4150,1142.4
273.16,4166.7,1142.8
273.16,4183.3,1143.2
273.16,4200,1143.6
273.16,4216.7,1144
273.16,4233.3,1144.4
273.16,4250,1144.8
273.16,4266.7,1145.2
273.16,4283.3,1145.6
273.16,4300,1145.9
273.16,4316.7,1146.3
273.16,4333.3,1146.7
273.16,4350,1147.1
273.16,4366.7,1147.5
273.16,4383.3,1147.9
273.16,4400,1148.3
273.16,4416.7,1148.7
273.16,4433.3,1149.1
273.16,4450,1149.5
273.16,4466.7,1149.9
273.16,4483.3,1150.3
273.16,4500,1150.6
273.16,4516.7,1151
273.16,4533.3,1151.4
273.16,4550,1151.8
273.16,4566.7,1152.2
273.16,4583.3,1152.6
273.16,4600,1152.9
273.16,4616.7,1153.3
273.16,4633.3,1153.7
273.16,4650,1154.1
273.16,4666.7,1154.5
273.16,4683.3,1154.8
273.16,4700,1155.2
273.16,4716.7,1155.6
273.16,4733.3,1156
273.16,4750,1156.4
273.16,4766.7,1156.7
273.16,4783.3,1157.1
273.16,4800,1157.5
273.16,4816.7,1157.9
273.16,4833.3,1158.2
273.16,4850,1158.6
273.16,4866.7,1159
273.16,4883.3,1159.3
273.16,4900,1159.7
273.16,4916.7,1160.1
273.16,4933.3,1160.5
273.16,4950,1160.8
273.16,4966.7,1161.2
273.16,4983.3,1161.6
273.16,5000,1161.9
283,0.012159,0.0093178
283,0.012159,999.67
283,16.667,1000.5
283,33.333,1001.3
283,50,1002
283,66.667,1002.8
283,83.333,1003.6
283,100,1004.4
283,116.67,1005.2
283,133.33,1006
283,150,1006.7
283,166.67,1007.5
283,183.33,1008.3
283,200,1009
283,216.67,1009.8
283,233.33,1010.6
283,250,1011.3
283,266.67,1012.1
283,283.33,1012.8
283,300,1013.6
283,316.67,1014.3
283,333.33,1015.1
283,350,1015.8
283,366.67,1016.5
283,383.33,1017.3
283,400,1018
283,416.67,1018.7
283,433.33,1019.5
283,450,1020.2
283,466.67,1020.9
283,483.33,1021.6
283,500,1022.4
283,516.67,1023.1
283,533.33,1023.8
283,550,1024.5
283,566.67,1025.2
283,583.33,1025.9
283,600,1026.6
283,616.67,1027.3
283,633.33,1028
283,650,1028.7
283,666.67,1029.4
283,683.33,1030.1
283,700,1030.8
283,716.67,1031.5
283,733.33,1032.2
283,750,1032.8
283,766.67,1033.5
283,783.33,1034.2
283,800,1034.9
283,816.67,1035.5
283,833.33,1036.2
283,850,1036.9
283,866.67,1037.5
283,883.33,1038.2
283,900,1038.9
283,916.67,1039.5
283,933.33,1040.2
283,950,1040.8
283,966.67,1041.5
283,983.33,1042.1
283,1000,1042.8
283,1016.7,1043.4
283,1033.3,1044.1
283,1050,1044.7
283,1066.7,1045.4
283,1083.3,1046
283,1100,1046.6
283,1116.7,1047.3
283,1133.3,1047.9
283,1150,1048.5
283,1166.7,1049.2
283,1183.3,1049.8
283,1200,1050.4
283,1216.7,1051
283,1233.3,1051.7
283,1250,1052.3
283,1266.7,1052.9
283,1283.3,1053.5
283,1300,1054.1
283,1316.7,1054.7
283,1333.3,1055.3
283,1350,1055.9
283,1366.7,1056.5
283,1383.3,1057.2
283,1400,1057.8
283,1416.7,1058.4
283,1433.3,1058.9
283,1450,1059.5
283,1466.7,1060.1
283,1483.3,1060.7
283,1500,1061.3
283,1516.7,1061.9
283,1533.3,1062.5
283,1550,1063.1
283,1566.7,1063.7
283,1583.3,1064.2
283,1600,1064.8
283,1616.7,1065.4
283,1633.3,1066
283,1650,1066.5
283,1666.7,1067.1
283,1683.3,1067.7
283,1700,1068.3
283,1716.7,1068.8
283,1733.3,1069.4
283,1750,1069.9
283,1766.7,1070.5
283,1783.3,1071.1
283,1800,1071.6
283,1816.7,1072.2
283,1833.3,1072.7
283,1850,1073.3
283,1866.7,1073.8
283,1883.3,1074.4
283,1900,1074.9
283,1916.7,1075.5
283,1933.3,1076
283,1950,1076.6
283,1966.7,1077.1
283,1983.3,1077.7
283,2000,1078.2
283,2016.7,1078.7
283,2033.3,1079.3
283,2050,1079.8
283,2066.7,1080.3
283,2083.3,1080.9
283,2100,1081.4
283,2116.7,1081.9
283,2133.3,1082.5
283,2150,1083
283,2166.7,1083.5
283,2183.3,1084
283,2200,1084.6
283,2216.7,1085.1
283,2233.3,1085.6
283,2250,1086.1
283,2266.7,1086.6
283,2283.3,1087.1
283,2300,1087.7
283,2316.7,1088.2
283,2333.3,1088.7
283,2350,1089.2
283,2366.7,1089.7
283,2383.3,1090.2
283,2400,1090.7
283,2416.7,1091.2
283,2433.3,1091.7
283,2450,1092.2
283,2466.7,1092.7
283,2483.3,1093.2
283,2500,1093.7
283,2516.7,1094.2
283,2533.3,1094.7
283,2550,1095.2
283,2566.7,1095.7
283,2583.3,1096.2
283,2600,1096.7
283,2616.7,1097.2
283,2633.3,1097.7
283,2650,1098.1
283,2666.7,1098.6
283,2683.3,1099.1
283,2700,1099.6
283,2716.7,1100.1
283,2733.3,1100.6
283,2750,1101
283,2766.7,1101.5
283,2783.3,1102
283,2800,1102.5
283,2816.7,1102.9
283,2833.3,1103.4
283,2850,1103.9
283,2866.7,1104.4
283,2883.3,1104.8
283,2900,1105.3
283,2916.7,1105.8
283,2933.3,1106.2
283,2950,1106.7
283,2966.7,1107.2
283,2983.3,1107.6
283,3000,1108.1
283,3016.7,1108.5
283,3033.3,1109
283,3050,1109.5
283,3066.7,1109.9
283,3083.3,1110.4
283,3100,1110.8
283,3116.7,1111.3
283,3133.3,1111.7
283,3150,1112.2
283,3166.7,1112.6
283,3183.3,1113.1
283,3200,1113.5
283,3216.7,1114
283,3233.3,1114.4
283,3250,1114.9
283,3266.7,1115.3
283,3283.3,1115.8
283,3300,1116.2
283,3316.7,1116.7
283,3333.3,1117.1
283,3350,1117.5
283,3366.7,1118
283,3383.3,1118.4
283,3400,1118.9
283,3416.7,1119.3
283,3433.3,1119.7
283,3450,1120.2
283,3466.7,1120.6
283,3483.3,1121
283,3500,1121.5
283,3516.7,1121.9
283,3533.3,1122.3
283,3550,1122.8
283,3566.7,1123.2
283,3583.3,1123.6
283,3600,1124
283,3616.7,1124.5
283,3633.3,1124.9
283,3650,1125.3
283,3666.7,1125.7
283,3683.3,1126.2
283,3700,1126.6
283,3716.7,1127
283,3733.3,1127.4
283,3750,1127.8
283,3766.7,1128.3
283,3783.3,1128.7
283,3800,1129.1
283,3816.7,1129.5
283,3833.3,1129.9
283,3850,1130.3
283,3866.7,1130.8
283,3883.3,1131.2
283,3900,1131.6
283,3916.7,1132
283,3933.3,1132.4
283,3950,1132.8
283,3966.7,1133.2
283,3983.3,1133.6
283,4000,1134
283,4016.7,1134.4
283,4033.3,1134.8
283,4050,1135.2
283,4066.7,1135.6
283,4083.3,1136
283,4100,1136.4
283,4116.7,1136.9
283,4133.3,1137.3
283,4150,1137.7
283,4166.7,1138
283,4183.3,1138.4
283,4200,1138.8
283,4216.7,1139.2
283,4233.3,1139.6
283,4250,1140
283,4266.7,1140.4
283,4283.3,1140.8
283,4300,1141.2
283,4316.7,1141.6
283,4333.3,1142
283,4350,1142.4
283,4366.7,1142.8
283,4383.3,1143.2
283,4400,1143.6
283,4416.7,1143.9
283,4433.3,1144.3
283,4450,1144.7
283,4466.7,1145.1
283,4483.3,1145.5
283,4500,1145.9
283,4516.7,1146.3
283,4533.3,1146.6
283,4550,1147
283,4566.7,1147.4
283,4583.3,1147.8
283,4600,1148.2
283,4616.7,1148.5
283,4633.3,1148.9
283,4650,1149.3
283,4666.7,1149.7
283,4683.3,1150
283,4700,1150.4
283,4716.7,1150.8
283,4733.3,1151.2
283,4750,1151.5
283,4766.7,1151.9
283,4783.3,1152.3
283,4800,1152.7
283,4816.7,1153
283,4833.3,1153.4
283,4850,1153.8
283,4866.7,1154.1
283,4883.3,1154.5
283,4900,1154.9
283,4916.7,1155.3
283,4933.3,1155.6
283,4950,1156
283,4966.7,1156.4
283,4983.3,1156.7
283,5000,1157.1
293,0.023177,0.017162
293,0.023177,998.19
293,16.667,998.95
293,33.333,999.71
293,50,1000.5
293,66.667,1001.2
293,83.333,1002
293,100,1002.7
293,116.67,1003.5
293,133.33,1004.2
293,150,1005
293,166.67,1005.7
293,183.33,1006.4
293,200,1007.2
293,216.67,1007.9
293,233.33,1008.6
293,250,1009.4
293,266.67,1010.1
293,283.33,1010.8
293,300,1011.5
293,316.67,1012.2
293,333.33,1013
293,350,1013.7
293,366.67,1014.4
293,383.33,1015.1
293,400,1015.8
293,416.67,1016.5
293,433.33,1017.2
293,450,1017.9
293,466.67,1018.6
293,483.33,1019.3
293,500,1020
293,516.67,1020.7
293,533.33,1021.3
293,550,1022
293,566.67,1022.7
293,583.33,1023.4
293,600,1024.1
293,616.67,1024.7
293,633.33,1025.4
293,650,1026.1
293,666.67,1026.7
293,683.33,1027.4
293,700,1028.1
293,716.67,1028.7
293,733.33,1029.4
293,750,1030.1
293,766.67,1030.7
293,783.33,1031.4
293,800,1032
293,816.67,1032.7
293,833.33,1033.3
293,850,1034
293,866.67,1034.6
293,883.33,1035.2
293,900,1035.9
293,916.67,1036.5
293,933.33,1037.2
293,950,1037.8
293,966.67,1038.4
293,983.33,1039.1
293,1000,1039.7
293,1016.7,1040.3
293,1033.3,1040.9
293,1050,1041.6
293,1066.7,1042.2
293,1083.3,1042.8
293,1100,1043.4
293,1116.7,1044
293,1133.3,1044.6
293,1150,1045.2
293,1166.7,1045.8
293,1183.3,1046.5
293,1200,1047.1
293,1216.7,1047.7
293,1233.3,1048.3
293,1250,1048.9
293,1266.7,1049.5
293,1283.3,1050.1
293,1300,1050.6
293,1316.7,1051.2
293,1333.3,1051.8
293,1350,1052.4
293,1366.7,1053
293,1383.3,1053.6
293,1400,1054.2
293,1416.7,1054.8
293,1433.3,1055.3
293,1450,1055.9
293,1466.7,1056.5
293,1483.3,1057.1
293,1500,1057.6
293,1516.7,1058.2
293,1533.3,1058.8
293,1550,1059.3
293,1566.7,1059.9
293,1583.3,1060.5
293,1600,1061
293,1616.7,1061.6
293,1633.3,1062.2
293,1650,1062.7
293,1666.7,1063.3
293,1683.3,1063.8
293,1700,1064.4
293,1716.7,1064.9
293,1733.3,1065.5
293,1750,1066
293,1766.7,1066.6
293,1783.3,1067.1
293,1800,1067.7
293,1816.7,1068.2
293,1833.3,1068.8
293,1850,1069.3
293,1866.7,1069.9
293,1883.3,1070.4
293,1900,1070.9
293,1916.7,1071.5
293,1933.3,1072
293,1950,1072.5
293,1966.7,1073.1
293,1983.3,1073.6
293,2000,1074.1
293,2016.7,1074.6
293,2033.3,1075.2
293,2050,1075.7
293,2066.7,1076.2
293,2083.3,1076.7
293,2100,1077.2
293,2116.7,1077.8
293,2133.3,1078.3
293,2150,1078.8
293,2166.7,1079.3
293,2183.3,1079.8
293,2200,1080.3
293,2216.7,1080.8
293,2233.3,1081.4
293,2250,1081.9
293,2266.7,1082.4
293,2283.3,1082.9
293,2300,1083.4
293,2316.7,1083.9
293,2333.3,1084.4
293,2350,1084.9
293,2366.7,1085.4
293,2383.3,1085.9
293,2400,1086.4
293,2416.7,1086.9
293,2433.3,1087.4
293,2450,1087.9
293,2466.7,1088.3
293,2483.3,1088.8
293,2500,1089.3
293,2516.7,1089.8
293,2533.3,1090.3
293,2550,1090.8
293,2566.7,1091.3
293,2583.3,1091.7
293,2600,1092.2
293,2616.7,1092.7
293,2633.3,1093.2
293,2650,1093.7
293,2666.7,1094.1
293,2683.3,1094.6
293,2700,1095.1
293,2716.7,1095.6
293,2733.3,1096
293,2750,1096.5
293,2766.7,1097
293,2783.3,1097.5
293,2800,1097.9
293,2816.7,1098.4
293,2833.3,1098.9
293,2850,1099.3
293,2866.7,1099.8
293,2883.3,1100.3
293,2900,1100.7
293,2916.7,1101.2
293,2933.3,1101.6
293,2950,1102.1
293,2966.7,1102.6
293,2983.3,1103
293,3000,1103.5
293,3016.7,1103.9
293,3033.3,1104.4
293,3050,1104.8
293,3066.7,1105.3
293,3083.3,1105.7
293,3100,1106.2
293,3116.7,1106.6
293,3133.3,1107.1
293,3150,1107.5
293,3166.7,1108
293,3183.3,1108.4
293,3200,1108.9
293,3216.7,1109.3
293,3233.3,1109.7
293,3250,1110.2
293,3266.7,1110.6
293,3283.3,1111.1
293,3300,1111.5
293,3316.7,1111.9
293,3333.3,1112.4
293,3350,1112.8
293,3366.7,1113.2
293,3383.3,1113.7
293,3400,1114.1
293,3416.7,1114.5
293,3433.3,1115
293,3450,1115.4
293,3466.7,1115.8
293,3483.3,1116.3
293,3500,1116.7
293,3516.7,1117.1
293,3533.3,1117.5
293,3550,1118
293,3566.7,1118.4
293,3583.3,1118.8
293,3600,1119.2
293,3616.7,1119.7
293,3633.3,1120.1
293,3650,1120.5
293,3666.7,1120.9
293,3683.3,1121.3
293,3700,1121.8
293,3716.7,1122.2
293,3733.3,1122.6
293,3750,1123
293,3766.7,1123.4
293,3783.3,1123.8
293,3800,1124.2
293,3816.7,1124.7
293,3833.3,1125.1
293,3850,1125.5
293,3866.7,1125.9
293,3883.3,1126.3
293,3900,1126.7
293,3916.7,1127.1
293,3933.3,1127.5
293,3950,1127.9
293,3966.7,1128.3
293,3983.3,1128.7
293,4000,1129.1
293,4016.7,1129.5
293,4033.3,1129.9
293,4050,1130.3
293,4066.7,1130.7
293,4083.3,1131.1
293,4100,1131.5
293,4116.7,1131.9
293,4133.3,1132.3
293,4150,1132.7
293,4166.7,1133.1
293,4183.3,1133.5
293,4200,1133.9
293,4216.7,1134.3
293,4233.3,1134.7
293,4250,1135.1
293,4266.7,1135.5
293,4283.3,1135.9
293,4300,1136.3
293,4316.7,1136.6
293,4333.3,1137
293,4350,1137.4
293,4366.7,1137.8
293,4383.3,1138.2
293,4400,1138.6
293,4416.7,1139
293,4433.3,1139.4
293,4450,1139.7
293,4466.7,1140.1
293,4483.3,1140.5
293,4500,1140.9
293,4516.7,1141.3
293,4533.3,1141.6
293,4550,1142
293,4566.7,1142.4
293,4583.3,1142.8
293,4600,1143.2
293,4616.7,1143.5
293,4633.3,1143.9
293,4650,1144.3
293,4666.7,1144.7
293,4683.3,1145
293,4700,1145.4
293,4716.7,1145.8
293,4733.3,1146.2
293,4750,1146.5
293,4766.7,1146.9
293,4783.3,1147.3
293,4800,1147.6
293,4816.7,1148
293,4833.3,1148.4
293,4850,1148.8
293,4866.7,1149.1
293,4883.3,1149.5
293,4900,1149.9
293,4916.7,1150.2
293,4933.3,1150.6
293,4950,1150.9
293,4966.7,1151.3
293,4983.3,1151.7
293,5000,1152
303,0.042105,0.030169
303,0.042105,995.65
303,16.667,996.39
303,33.333,997.13
303,50,997.87
303,66.667,998.6
303,83.333,999.33
303,100,1000.1
303,116.67,1000.8
303,133.33,1001.5
303,150,1002.2
303,166.67,1003
303,183.33,1003.7
303,200,1004.4
303,216.67,1005.1
303,233.33,1005.8
303,250,1006.5
303,266.67,1007.2
303,283.33,1007.9
303,300,1008.6
303,316.67,1009.3
303,333.33,1010
303,350,1010.7
303,366.67,1011.4
303,383.33,1012.1
303,400,1012.8
303,416.67,1013.5
303,433.33,1014.1
303,450,1014.8
303,466.67,1015.5
303,483.33,1016.2
303,500,1016.8
303,516.67,1017.5
303,533.33,1018.2
303,550,1018.8
303,566.67,1019.5
303,583.33,1020.2
303,600,1020.8
303,616.67,1021.5
303,633.33,1022.1
303,650,1022.8
303,666.67,1023.4
303,683.33,1024.1
303,700,1024.7
303,716.67,1025.4
303,733.33,1026
303,750,1026.7
303,766.67,1027.3
303,783.33,1027.9
303,800,1028.6
303,816.67,1029.2
303,833.33,1029.8
303,850,1030.5
303,866.67,1031.1
303,883.33,1031.7
303,900,1032.4
303,916.67,1033
303,933.33,1033.6
303,950,1034.2
303,966.67,1034.8
303,983.33,1035.4
303,1000,1036.1
303,1016.7,1036.7
303,1033.3,1037.3
303,1050,1037.9
303,1066.7,1038.5
303,1083.3,1039.1
303,1100,1039.7
303,1116.7,1040.3
303,1133.3,1040.9
303,1150,1041.5
303,1166.7,1042.1
303,1183.3,1042.7
303,1200,1043.3
303,1216.7,1043.9
303,1233.3,1044.4
303,1250,1045
303,1266.7,1045.6
303,1283.3,1046.2
303,1300,1046.8
303,1316.7,1047.4
303,1333.3,1047.9
303,1350,1048.5
303,1366.7,1049.1
303,1383.3,1049.7
303,1400,1050.2
303,1416.7,1050.8
303,1433.3,1051.4
303,1450,1051.9
303,1466.7,1052.5
303,1483.3,1053.1
303,1500,1053.6
303,1516.7,1054.2
303,1533.3,1054.7
303,1550,1055.3
303,1566.7,1055.8
303,1583.3,1056.4
303,1600,1057
303,1616.7,1057.5
303,1633.3,1058.1
303,1650,1058.6
303,1666.7,1059.1
303,1683.3,1059.7
303,1700,1060.2
303,1716.7,1060.8
303,1733.3,1061.3
303,1750,1061.9
303,1766.7,1062.4
303,1783.3,1062.9
303,1800,1063.5
303,1816.7,1064
303,1833.3,1064.5
303,1850,1065.1
303,1866.7,1065.6
303,1883.3,1066.1
303,1900,1066.6
303,1916.7,1067.2
303,1933.3,1067.7
303,1950,1068.2
303,1966.7,1068.7
303,1983.3,1069.3
303,2000,1069.8
303,2016.7,1070.3
303,2033.3,1070.8
303,2050,1071.3
303,2066.7,1071.8
303,2083.3,1072.4
303,2100,1072.9
303,2116.7,1073.4
303,2133.3,1073.9
303,2150,1074.4
303,2166.7,1074.9
303,2183.3,1075.4
303,2200,1075.9
303,2216.7,1076.4
303,2233.3,1076.9
303,2250,1077.4
303,2266.7,1077.9
303,2283.3,1078.4
303,2300,1078.9
303,2316.7,1079.4
303,2333.3,1079.9
303,2350,1080.4
303,2366.7,1080.9
303,2383.3,1081.4
303,2400,1081.8
303,2416.7,1082.3
303,2433.3,1082.8
303,2450,1083.3
303,2466.7,1083.8
303,2483.3,1084.3
303,2500,1084.8
303,2516.7,1085.2
303,2533.3,1085.7
303,2550,1086.2
303,2566.7,1086.7
303,2583.3,1087.2
303,2600,1087.6
303,2616.7,1088.1
303,2633.3,1088.6
303,2650,1089
303,2666.7,1089.5
303,2683.3,1090
303,2700,1090.5
303,2716.7,1090.9
303,2733.3,1091.4
303,2750,1091.9
303,2766.7,1092.3
303,2783.3,1092.8
303,2800,1093.2
303,2816.7,1093.7
303,2833.3,1094.2
303,2850,1094.6
303,2866.7,1095.1
303,2883.3,1095.5
303,2900,1096
303,2916.7,1096.5
303,2933.3,1096.9
303,2950,1097.4
303,2966.7,1097.8
303,2983.3,1098.3
303,3000,1098.7
303,3016.7,1099.2
303,3033.3,1099.6
303,3050,1100.1
303,3066.7,1100.5
303,3083.3,1101
303,3100,1101.4
303,3116.7,1101.9
303,3133.3,1102.3
303,3150,1102.7
303,3166.7,1103.2
303,3183.3,1103.6
303,3200,1104.1
303,3216.7,1104.5
303,3233.3,1104.9
303,3250,1105.4
303,3266.7,1105.8
303,3283.3,1106.2
303,3300,1106.7
303,3316.7,1107.1
303,3333.3,1107.5
303,3350,1108
303,3366.7,1108.4
303,3383.3,1108.8
303,3400,1109.3
303,3416.7,1109.7
303,3433.3,1110.1
303,3450,1110.5
303,3466.7,1111
303,3483.3,1111.4
303,3500,1111.8
303,3516.7,1112.2
303,3533.3,1112.7
303,3550,1113.1
303,3566.7,1113.5
303,3583.3,1113.9
303,3600,1114.3
303,3616.7,1114.8
303,3633.3,1115.2
303,3650,1115.6
303,3666.7,1116
303,3683.3,1116.4
303,3700,1116.8
303,3716.7,1117.3
303,3733.3,1117.7
303,3750,1118.1
303,3766.7,1118.5
303,3783.3,1118.9
303,3800,1119.3
303,3816.7,1119.7
303,3833.3,1120.1
303,3850,1120.5
303,3866.7,1120.9
303,3883.3,1121.3
303,3900,1121.8
303,3916.7,1122.2
303,3933.3,1122.6
303,3950,1123
303,3966.7,1123.4
303,3983.3,1123.8
303,4000,1124.2
303,4016.7,1124.6
303,4033.3,1125
303,4050,1125.4
303,4066.7,1125.8
303,4083.3,1126.2
303,4100,1126.6
303,4116.7,1127
303,4133.3,1127.3
303,4150,1127.7
303,4166.7,1128.1
303,4183.3,1128.5
303,4200,1128.9
303,4216.7,1129.3
303,4233.3,1129.7
303,4250,1130.1
303,4266.7,1130.5
303,4283.3,1130.9
303,4300,1131.3
303,4316.7,1131.6
303,4333.3,1132
303,4350,1132.4
303,4366.7,1132.8
303,4383.3,1133.2
303,4400,1133.6
303,4416.7,1133.9
303,4433.3,1134.3
303,4450,1134.7
303,4466.7,1135.1
303,4483.3,1135.5
303,4500,1135.9
303,4516.7,1136.2
303,4533.3,1136.6
303,4550,1137
303,4566.7,1137.4
303,4583.3,1137.7
303,4600,1138.1
303,4616.7,1138.5
303,4633.3,1138.9
303,4650,1139.2
303,4666.7,1139.6
303,4683.3,1140
303,4700,1140.4
303,4716.7,1140.7
303,4733.3,1141.1
303,4750,1141.5
303,4766.7,1141.8
303,4783.3,1142.2
303,4800,1142.6
303,4816.7,1142.9
303,4833.3,1143.3
303,4850,1143.7
303,4866.7,1144
303,4883.3,1144.4
303,4900,1144.8
303,4916.7,1145.1
303,4933.3,1145.5
303,4950,1145.9
303,4966.7,1146.2
303,4983.3,1146.6
303,5000,1147
313,0.073261,0.050858
313,0.073261,992.23
313,16.667,992.96
313,33.333,993.69
313,50,994.41
313,66.667,995.14
313,83.333,995.86
313,100,996.57
313,116.67,997.29
313,133.33,998
313,150,998.71
313,166.67,999.42
313,183.33,1000.1
313,200,1000.8
313,216.67,1001.5
313,233.33,1002.2
313,250,1002.9
313,266.67,1003.6
313,283.33,1004.3
313,300,1005
313,316.67,1005.7
313,333.33,1006.4
313,350,1007
313,366.67,1007.7
313,383.33,1008.4
313,400,1009.1
313,416.67,1009.7
313,433.33,1010.4
313,450,1011.1
313,466.67,1011.7
313,483.33,1012.4
313,500,1013.1
313,516.67,1013.7
313,533.33,1014.4
313,550,1015
313,566.67,1015.7
313,583.33,1016.4
313,600,1017
313,616.67,1017.6
313,633.33,1018.3
313,650,1018.9
313,666.67,1019.6
313,683.33,1020.2
313,700,1020.8
313,716.67,1021.5
313,733.33,1022.1
313,750,1022.7
313,766.67,1023.4
313,783.33,1024
313,800,1024.6
313,816.67,1025.3
313,833.33,1025.9
313,850,1026.5
313,866.67,1027.1
313,883.33,1027.7
313,900,1028.3
313,916.67,1028.9
313,933.33,1029.6
313,950,1030.2
313,966.67,1030.8
313,983.33,1031.4
313,1000,1032
313,1016.7,1032.6
313,1033.3,1033.2
313,1050,1033.8
313,1066.7,1034.4
313,1083.3,1035
313,1100,1035.6
313,1116.7,1036.1
313,1133.3,1036.7
313,1150,1037.3
313,1166.7,1037.9
313,1183.3,1038.5
313,1200,1039.1
313,1216.7,1039.7
313,1233.3,1040.2
313,1250,1040.8
313,1266.7,1041.4
313,1283.3,1042
313,1300,1042.5
313,1316.7,1043.1
313,1333.3,1043.7
313,1350,1044.2
313,1366.7,1044.8
313,1383.3,1045.4
313,1400,1045.9
313,1416.7,1046.5
313,1433.3,1047.1
313,1450,1047.6
313,1466.7,1048.2
313,1483.3,1048.7
313,1500,1049.3
313,1516.7,1049.8
313,1533.3,1050.4
313,1550,1050.9
313,1566.7,1051.5
313,1583.3,1052
313,1600,1052.6
313,1616.7,1053.1
313,1633.3,1053.7
313,1650,1054.2
313,1666.7,1054.7
313,1683.3,1055.3
313,1700,1055.8
313,1716.7,1056.3
313,1733.3,1056.9
313,1750,1057.4
313,1766.7,1057.9
313,1783.3,1058.5
313,1800,1059
313,1816.7,1059.5
313,1833.3,1060.1
313,1850,1060.6
313,1866.7,1061.1
313,1883.3,1061.6
313,1900,1062.1
313,1916.7,1062.7
313,1933.3,1063.2
313,1950,1063.7
313,1966.7,1064.2
313,1983.3,1064.7
313,2000,1065.2
313,2016.7,1065.7
313,2033.3,1066.3
313,2050,1066.8
313,2066.7,1067.3
313,2083.3,1067.8
313,2100,1068.3
313,2116.7,1068.8
313,2133.3,1069.3
313,2150,1069.8
313,2166.7,1070.3
313,2183.3,1070.8
313,2200,1071.3
313,2216.7,1071.8
313,2233.3,1072.3
313,2250,1072.8
313,2266.7,1073.3
313,2283.3,1073.8
313,2300,1074.2
313,2316.7,1074.7
313,2333.3,1075.2
313,2350,1075.7
313,2366.7,1076.2
313,2383.3,1076.7
313,2400,1077.2
313,2416.7,1077.6
313,2433.3,1078.1
313,2450,1078.6
313,2466.7,1079.1
313,2483.3,1079.6
313,2500,1080
313,2516.7,1080.5
313,2533.3,1081
313,2550,1081.5
313,2566.7,1081.9
313,2583.3,1082.4
313,2600,1082.9
313,2616.7,1083.4
313,2633.3,1083.8
313,2650,1084.3
313,2666.7,1084.8
313,2683.3,1085.2
313,2700,1085.7
313,2716.7,1086.2
313,2733.3,1086.6
313,2750,1087.1
313,2766.7,1087.5
313,2783.3,1088
313,2800,1088.5
313,2816.7,1088.9
313,2833.3,1089.4
313,2850,1089.8
313,2866.7,1090.3
313,2883.3,1090.7
313,2900,1091.2
313,2916.7,1091.6
313,2933.3,1092.1
313,2950,1092.5
313,2966.7,1093
313,2983.3,1093.4
313,3000,1093.9
313,3016.7,1094.3
313,3033.3,1094.8
313,3050,1095.2
313,3066.7,1095.7
313,3083.3,1096.1
313,3100,1096.6
313,3116.7,1097
313,3133.3,1097.4
313,3150,1097.9
313,3166.7,1098.3
313,3183.3,1098.7
313,3200,1099.2
313,3216.7,1099.6
313,3233.3,1100.1
313,3250,1100.5
313,3266.7,1100.9
313,3283.3,1101.4
313,3300,1101.8
313,3316.7,1102.2
313,3333.3,1102.6
313,3350,1103.1
313,3366.7,1103.5
313,3383.3,1103.9
313,3400,1104.4
313,3416.7,1104.8
313,3433.3,1105.2
313,3450,1105.6
313,3466.7,1106
313,3483.3,1106.5
313,3500,1106.9
313,3516.7,1107.3
313,3533.3,1107.7
313,3550,1108.1
313,3566.7,1108.6
313,3583.3,1109
313,3600,1109.4
313,3616.7,1109.8
313,3633.3,1110.2
313,3650,1110.6
313,3666.7,1111.1
313,3683.3,1111.5
313,3700,1111.9
313,3716.7,1112.3
313,3733.3,1112.7
313,3750,1113.1
313,3766.7,1113.5
313,3783.3,1113.9
313,3800,1114.3
313,3816.7,1114.7
313,3833.3,1115.1
313,3850,1115.6
313,3866.7,1116
313,3883.3,1116.4
313,3900,1116.8
313,3916.7,1117.2
313,3933.3,1117.6
313,3950,1118
313,3966.7,1118.4
313,3983.3,1118.8
313,4000,1119.2
313,4016.7,1119.6
313,4033.3,1120
313,4050,1120.4
313,4066.7,1120.8
313,4083.3,1121.1
313,4100,1121.5
313,4116.7,1121.9
313,4133.3,1122.3
313,4150,1122.7
313,4166.7,1123.1
313,4183.3,1123.5
313,4200,1123.9
313,4216.7,1124.3
313,4233.3,1124.7
313,4250,1125.1
313,4266.7,1125.4
313,4283.3,1125.8
313,4300,1126.2
313,4316.7,1126.6
313,4333.3,1127
313,4350,1127.4
313,4366.7,1127.8
313,4383.3,1128.1
313,4400,1128.5
313,4416.7,1128.9
313,4433.3,1129.3
313,4450,1129.7
313,4466.7,1130
313,4483.3,1130.4
313,4500,1130.8
313,4516.7,1131.2
313,4533.3,1131.6
313,4550,1131.9
313,4566.7,1132.3
313,4583.3,1132.7
313,4600,1133.1
313,4616.7,1133.4
313,4633.3,1133.8
313,4650,1134.2
313,4666.7,1134.5
313,4683.3,1134.9
313,4700,1135.3
313,4716.7,1135.7
313,4733.3,1136
313,4750,1136.4
313,4766.7,1136.8
313,4783.3,1137.1
313,4800,1137.5
313,4816.7,1137.9
313,4833.3,1138.2
313,4850,1138.6
313,4866.7,1139
313,4883.3,1139.3
313,4900,1139.7
313,4916.7,1140.1
313,4933.3,1140.4
313,4950,1140.8
313,4966.7,1141.1
313,4983.3,1141.5
313,5000,1141.9
323,0.1226,0.082567
323,0.1226,988.06
323,16.667,988.78
323,33.333,989.51
323,50,990.23
323,66.667,990.95
323,83.333,991.66
323,100,992.38
323,116.67,993.09
323,133.33,993.79
323,150,994.5
323,166.67,995.2
323,183.33,995.9
323,200,996.6
323,216.67,997.3
323,233.33,997.99
323,250,998.68
323,266.67,999.37
323,283.33,1000.1
323,300,1000.7
323,316.67,1001.4
323,333.33,1002.1
323,350,1002.8
323,366.67,1003.4
323,383.33,1004.1
323,400,1004.8
323,416.67,1005.5
323,433.33,1006.1
323,450,1006.8
323,466.67,1007.4
323,483.33,1008.1
323,500,1008.8
323,516.67,1009.4
323,533.33,1010.1
323,550,1010.7
323,566.67,1011.4
323,583.33,1012
323,600,1012.6
323,616.67,1013.3
323,633.33,1013.9
323,650,1014.6
323,666.67,1015.2
323,683.33,1015.8
323,700,1016.5
323,716.67,1017.1
323,733.33,1017.7
323,750,1018.3
323,766.67,1019
323,783.33,1019.6
323,800,1020.2
323,816.67,1020.8
323,833.33,1021.4
323,850,1022.1
323,866.67,1022.7
323,883.33,1023.3
323,900,1023.9
323,916.67,1024.5
323,933.33,1025.1
323,950,1025.7
323,966.67,1026.3
323,983.33,1026.9
323,1000,1027.5
323,1016.7,1028.1
323,1033.3,1028.7
323,1050,1029.3
323,1066.7,1029.9
323,1083.3,1030.5
323,1100,1031
323,1116.7,1031.6
323,1133.3,1032.2
323,1150,1032.8
323,1166.7,1033.4
323,1183.3,1034
323,1200,1034.5
323,1216.7,1035.1
323,1233.3,1035.7
323,1250,1036.3
323,1266.7,1036.8
323,1283.3,1037.4
323,1300,1038
323,1316.7,1038.5
323,1333.3,1039.1
323,1350,1039.7
323,1366.7,1040.2
323,1383.3,1040.8
323,1400,1041.3
323,1416.7,1041.9
323,1433.3,1042.4
323,1450,1043
323,1466.7,1043.5
323,1483.3,1044.1
323,1500,1044.6
323,1516.7,1045.2
323,1533.3,1045.7
323,1550,1046.3
323,1566.7,1046.8
323,1583.3,1047.4
323,1600,1047.9
323,1616.7,1048.5
323,1633.3,1049
323,1650,1049.5
323,1666.7,1050.1
323,1683.3,1050.6
323,1700,1051.1
323,1716.7,1051.7
323,1733.3,1052.2
323,1750,1052.7
323,1766.7,1053.2
323,1783.3,1053.8
323,1800,1054.3
323,1816.7,1054.8
323,1833.3,1055.3
323,1850,1055.9
323,1866.7,1056.4
323,1883.3,1056.9
323,1900,1057.4
323,1916.7,1057.9
323,1933.3,1058.4
323,1950,1058.9
323,1966.7,1059.5
323,1983.3,1060
323,2000,1060.5
323,2016.7,1061
323,2033.3,1061.5
323,2050,1062
323,2066.7,1062.5
323,2083.3,1063
323,2100,1063.5
323,2116.7,1064
323,2133.3,1064.5
323,2150,1065
323,2166.7,1065.5
323,2183.3,1066
323,2200,1066.5
323,2216.7,1067
323,2233.3,1067.5
323,2250,1068
323,2266.7,1068.4
323,2283.3,1068.9
323,2300,1069.4
323,2316.7,1069.9
323,2333.3,1070.4
323,2350,1070.9
323,2366.7,1071.4
323,2383.3,1071.8
323,2400,1072.3
323,2416.7,1072.8
323,2433.3,1073.3
323,2450,1073.8
323,2466.7,1074.2
323,2483.3,1074.7
323,2500,1075.2
323,2516.7,1075.7
323,2533.3,1076.1
323,2550,1076.6
323,2566.7,1077.1
323,2583.3,1077.5
323,2600,1078
323,2616.7,1078.5
323,2633.3,1078.9
323,2650,1079.4
323,2666.7,1079.9
323,2683.3,1080.3
323,2700,1080.8
323,2716.7,1081.3
323,2733.3,1081.7
323,2750,1082.2
323,2766.7,1082.6
323,2783.3,1083.1
323,2800,1083.6
323,2816.7,1084
323,2833.3,1084.5
323,2850,1084.9
323,2866.7,1085.4
323,2883.3,1085.8
323,2900,1086.3
323,2916.7,1086.7
323,2933.3,1087.2
323,2950,1087.6
323,2966.7,1088.1
323,2983.3,1088.5
323,3000,1089
323,3016.7,1089.4
323,3033.3,1089.8
323,3050,1090.3
323,3066.7,1090.7
323,3083.3,1091.2
323,3100,1091.6
323,3116.7,1092
323,3133.3,1092.5
323,3150,1092.9
323,3166.7,1093.4
323,3183.3,1093.8
323,3200,1094.2
323,3216.7,1094.7
323,3233.3,1095.1
323,3250,1095.5
323,3266.7,1095.9
323,3283.3,1096.4
323,3300,1096.8
323,3316.7,1097.2
323,3333.3,1097.7
323,3350,1098.1
323,3366.7,1098.5
323,3383.3,1098.9
323,3400,1099.4
323,3416.7,1099.8
323,3433.3,1100.2
323,3450,1100.6
323,3466.7,1101.1
323,3483.3,1101.5
323,3500,1101.9
323,3516.7,1102.3
323,3533.3,1102.7
323,3550,1103.1
323,3566.7,1103.6
323,3583.3,1104
323,3600,1104.4
323,3616.7,1104.8
323,3633.3,1105.2
323,3650,1105.6
323,3666.7,1106
323,3683.3,1106.5
323,3700,1106.9
323,3716.7,1107.3
323,3733.3,1107.7
323,3750,1108.1
323,3766.7,1108.5
323,3783.3,1108.9
323,3800,1109.3
323,3816.7,1109.7
323,3833.3,1110.1
323,3850,1110.5
323,3866.7,1110.9
323,3883.3,1111.3
323,3900,1111.7
323,3916.7,1112.1
323,3933.3,1112.5
323,3950,1112.9
323,3966.7,1113.3
323,3983.3,1113.7
323,4000,1114.1
323,4016.7,1114.5
323,4033.3,1114.9
323,4050,1115.3
323,4066.7,1115.7
323,4083.3,1116.1
323,4100,1116.5
323,4116.7,1116.9
323,4133.3,1117.3
323,4150,1117.7
323,4166.7,1118.1
323,4183.3,1118.4
323,4200,1118.8
323,4216.7,1119.2
323,4233.3,1119.6
323,4250,1120
323,4266.7,1120.4
323,4283.3,1120.8
323,4300,1121.2
323,4316.7,1121.5
323,4333.3,1121.9
323,4350,1122.3
323,4366.7,1122.7
323,4383.3,1123.1
323,4400,1123.4
323,4416.7,1123.8
323,4433.3,1124.2
323,4450,1124.6
323,4466.7,1125
323,4483.3,1125.3
323,4500,1125.7
323,4516.7,1126.1
323,4533.3,1126.5
323,4550,1126.8
323,4566.7,1127.2
323,4583.3,1127.6
323,4600,1128
323,4616.7,1128.3
323,4633.3,1128.7
323,4650,1129.1
323,4666.7,1129.5
323,4683.3,1129.8
323,4700,1130.2
323,4716.7,1130.6
323,4733.3,1130.9
323,4750,1131.3
323,4766.7,1131.7
323,4783.3,1132
323,4800,1132.4
323,4816.7,1132.8
323,4833.3,1133.1
323,4850,1133.5
323,4866.7,1133.9
323,4883.3,1134.2
323,4900,1134.6
323,4916.7,1135
323,4933.3,1135.3
323,4950,1135.7
323,4966.7,1136
323,4983.3,1136.4
323,5000,1136.8
333,0.19808,0.12958
333,0.19808,983.24
333,16.667,983.96
333,33.333,984.68
333,50,985.4
333,66.667,986.12
333,83.333,986.84
333,100,987.55
333,116.67,988.27
333,133.33,988.97
333,150,989.68
333,166.67,990.38
333,183.33,991.08
333,200,991.78
333,216.67,992.48
333,233.33,993.17
333,250,993.86
333,266.67,994.55
333,283.33,995.24
333,300,995.92
333,316.67,996.6
333,333.33,997.28
333,350,997.95
333,366.67,998.63
333,383.33,999.3
333,400,999.97
333,416.67,1000.6
333,433.33,1001.3
333,450,1002
333,466.67,1002.6
333,483.33,1003.3
333,500,1003.9
333,516.67,1004.6
333,533.33,1005.2
333,550,1005.9
333,566.67,1006.5
333,583.33,1007.2
333,600,1007.8
333,616.67,1008.5
333,633.33,1009.1
333,650,1009.7
333,666.67,1010.4
333,683.33,1011
333,700,1011.6
333,716.67,1012.3
333,733.33,1012.9
333,750,1013.5
333,766.67,1014.1
333,783.33,1014.7
333,800,1015.4
333,816.67,1016
333,833.33,1016.6
333,850,1017.2
333,866.67,1017.8
333,883.33,1018.4
333,900,1019
333,916.67,1019.6
333,933.33,1020.2
333,950,1020.8
333,966.67,1021.4
333,983.33,1022
333,1000,1022.6
333,1016.7,1023.2
333,1033.3,1023.8
333,1050,1024.4
333,1066.7,1025
333,1083.3,1025.6
333,1100,1026.2
333,1116.7,1026.8
333,1133.3,1027.3
333,1150,1027.9
333,1166.7,1028.5
333,1183.3,1029.1
333,1200,1029.7
333,1216.7,1030.2
333,1233.3,1030.8
333,1250,1031.4
333,1266.7,1031.9
333,1283.3,1032.5
333,1300,1033.1
333,1316.7,1033.6
333,1333.3,1034.2
333,1350,1034.8
333,1366.7,1035.3
333,1383.3,1035.9
333,1400,1036.4
333,1416.7,1037
333,1433.3,1037.5
333,1450,1038.1
333,1466.7,1038.6
333,1483.3,1039.2
333,1500,1039.7
333,1516.7,1040.3
333,1533.3,1040.8
333,1550,1041.4
333,1566.7,1041.9
333,1583.3,1042.4
333,1600,1043
333,1616.7,1043.5
333,1633.3,1044.1
333,1650,1044.6
333,1666.7,1045.1
333,1683.3,1045.7
333,1700,1046.2
333,1716.7,1046.7
333,1733.3,1047.2
333,1750,1047.8
333,1766.7,1048.3
333,1783.3,1048.8
333,1800,1049.3
333,1816.7,1049.9
333,1833.3,1050.4
333,1850,1050.9
333,1866.7,1051.4
333,1883.3,1051.9
333,1900,1052.5
333,1916.7,1053
333,1933.3,1053.5
333,1950,1054
333,1966.7,1054.5
333,1983.3,1055
333,2000,1055.5
333,2016.7,1056
333,2033.3,1056.5
333,2050,1057
333,2066.7,1057.5
333,2083.3,1058
333,2100,1058.5
333,2116.7,1059
333,2133.3,1059.5
333,2150,1060
333,2166.7,1060.5
333,2183.3,1061
333,2200,1061.5
333,2216.7,1062
333,2233.3,1062.5
333,2250,1063
333,2266.7,1063.5
333,2283.3,1063.9
333,2300,1064.4
333,2316.7,1064.9
333,2333.3,1065.4
333,2350,1065.9
333,2366.7,1066.4
333,2383.3,1066.8
333,2400,1067.3
333,2416.7,1067.8
333,2433.3,1068.3
333,2450,1068.8
333,2466.7,1069.2
333,2483.3,1069.7
333,2500,1070.2
333,2516.7,1070.7
333,2533.3,1071.1
333,2550,1071.6
333,2566.7,1072.1
333,2583.3,1072.5
333,2600,1073
333,2616.7,1073.5
333,2633.3,1073.9
333,2650,1074.4
333,2666.7,1074.9
333,2683.3,1075.3
333,2700,1075.8
333,2716.7,1076.2
333,2733.3,1076.7
333,2750,1077.2
333,2766.7,1077.6
333,2783.3,1078.1
333,2800,1078.5
333,2816.7,1079
333,2833.3,1079.4
333,2850,1079.9
333,2866.7,1080.3
333,2883.3,1080.8
333,2900,1081.2
333,2916.7,1081.7
333,2933.3,1082.1
333,2950,1082.6
333,2966.7,1083
333,2983.3,1083.5
333,3000,1083.9
333,3016.7,1084.4
333,3033.3,1084.8
333,3050,1085.2
333,3066.7,1085.7
333,3083.3,1086.1
333,3100,1086.6
333,3116.7,1087
333,3133.3,1087.4
333,3150,1087.9
333,3166.7,1088.3
333,3183.3,1088.7
333,3200,1089.2
333,3216.7,1089.6
333,3233.3,1090
333,3250,1090.5
333,3266.7,1090.9
333,3283.3,1091.3
333,3300,1091.7
333,3316.7,1092.2
333,3333.3,1092.6
333,3350,1093
333,3366.7,1093.5
333,3383.3,1093.9
333,3400,1094.3
333,3416.7,1094.7
333,3433.3,1095.1
333,3450,1095.6
333,3466.7,1096
333,3483.3,1096.4
333,3500,1096.8
333,3516.7,1097.2
333,3533.3,1097.7
333,3550,1098.1
333,3566.7,1098.5
333,3583.3,1098.9
333,3600,1099.3
333,3616.7,1099.7
333,3633.3,1100.1
333,3650,1100.6
333,3666.7,1101
333,3683.3,1101.4
333,3700,1101.8
333,3716.7,1102.2
333,3733.3,1102.6
333,3750,1103
333,3766.7,1103.4
333,3783.3,1103.8
333,3800,1104.2
333,3816.7,1104.6
333,3833.3,1105
333,3850,1105.4
333,3866.7,1105.8
333,3883.3,1106.2
333,3900,1106.6
333,3916.7,1107
333,3933.3,1107.4
333,3950,1107.8
333,3966.7,1108.2
333,3983.3,1108.6
333,4000,1109
333,4016.7,1109.4
333,4033.3,1109.8
333,4050,1110.2
333,4066.7,1110.6
333,4083.3,1111
333,4100,1111.4
333,4116.7,1111.8
333,4133.3,1112.2
333,4150,1112.6
333,4166.7,1113
333,4183.3,1113.3
333,4200,1113.7
333,4216.7,1114.1
333,4233.3,1114.5
333,4250,1114.9
333,4266.7,1115.3
333,4283.3,1115.7
333,4300,1116.1
333,4316.7,1116.4
333,4333.3,1116.8
333,4350,1117.2
333,4366.7,1117.6
333,4383.3,1118
333,4400,1118.3
333,4416.7,1118.7
333,4433.3,1119.1
333,4450,1119.5
333,4466.7,1119.9
333,4483.3,1120.2
333,4500,1120.6
333,4516.7,1121
333,4533.3,1121.4
333,4550,1121.7
333,4566.7,1122.1
333,4583.3,1122.5
333,4600,1122.9
333,4616.7,1123.2
333,4633.3,1123.6
333,4650,1124
333,4666.7,1124.4
333,4683.3,1124.7
333,4700,1125.1
333,4716.7,1125.5
333,4733.3,1125.8
333,4750,1126.2
333,4766.7,1126.6
333,4783.3,1126.9
333,4800,1127.3
333,4816.7,1127.7
333,4833.3,1128
333,4850,1128.4
333,4866.7,1128.8
333,4883.3,1129.1
333,4900,1129.5
333,4916.7,1129.9
333,4933.3,1130.2
333,4950,1130.6
333,4966.7,1130.9
333,4983.3,1131.3
333,5000,1131.7
343,0.30999,0.19723
343,0.30999,977.82
343,16.667,978.54
343,33.333,979.27
343,50,980
343,66.667,980.73
343,83.333,981.45
343,100,982.17
343,116.67,982.89
343,133.33,983.6
343,150,984.31
343,166.67,985.02
343,183.33,985.73
343,200,986.43
343,216.67,987.13
343,233.33,987.83
343,250,988.52
343,266.67,989.22
343,283.33,989.91
343,300,990.59
343,316.67,991.28
343,333.33,991.96
343,350,992.64
343,366.67,993.32
343,383.33,993.99
343,400,994.67
343,416.67,995.34
343,433.33,996.01
343,450,996.67
343,466.67,997.33
343,483.33,997.99
343,500,998.65
343,516.67,999.31
343,533.33,999.96
343,550,1000.6
343,566.67,1001.3
343,583.33,1001.9
343,600,1002.6
343,616.67,1003.2
343,633.33,1003.8
343,650,1004.5
343,666.67,1005.1
343,683.33,1005.8
343,700,1006.4
343,716.67,1007
343,733.33,1007.6
343,750,1008.3
343,766.67,1008.9
343,783.33,1009.5
343,800,1010.1
343,816.67,1010.8
343,833.33,1011.4
343,850,1012
343,866.67,1012.6
343,883.33,1013.2
343,900,1013.8
343,916.67,1014.4
343,933.33,1015
343,950,1015.6
343,966.67,1016.2
343,983.33,1016.8
343,1000,1017.4
343,1016.7,1018
343,1033.3,1018.6
343,1050,1019.2
343,1066.7,1019.8
343,1083.3,1020.4
343,1100,1021
343,1116.7,1021.6
343,1133.3,1022.1
343,1150,1022.7
343,1166.7,1023.3
343,1183.3,1023.9
343,1200,1024.5
343,1216.7,1025
343,1233.3,1025.6
343,1250,1026.2
343,1266.7,1026.7
343,1283.3,1027.3
343,1300,1027.9
343,1316.7,1028.4
343,1333.3,1029
343,1350,1029.6
343,1366.7,1030.1
343,1383.3,1030.7
343,1400,1031.2
343,1416.7,1031.8
343,1433.3,1032.4
343,1450,1032.9
343,1466.7,1033.5
343,1483.3,1034
343,1500,1034.6
343,1516.7,1035.1
343,1533.3,1035.6
343,1550,1036.2
343,1566.7,1036.7
343,1583.3,1037.3
343,1600,1037.8
343,1616.7,1038.3
343,1633.3,1038.9
343,1650,1039.4
343,1666.7,1040
343,1683.3,1040.5
343,1700,1041
343,1716.7,1041.5
343,1733.3,1042.1
343,1750,1042.6
343,1766.7,1043.1
343,1783.3,1043.6
343,1800,1044.2
343,1816.7,1044.7
343,1833.3,1045.2
343,1850,1045.7
343,1866.7,1046.2
343,1883.3,1046.8
343,1900,1047.3
343,1916.7,1047.8
343,1933.3,1048.3
343,1950,1048.8
343,1966.7,1049.3
343,1983.3,1049.8
343,2000,1050.3
343,2016.7,1050.8
343,2033.3,1051.4
343,2050,1051.9
343,2066.7,1052.4
343,2083.3,1052.9
343,2100,1053.4
343,2116.7,1053.9
343,2133.3,1054.4
343,2150,1054.9
343,2166.7,1055.3
343,2183.3,1055.8
343,2200,1056.3
343,2216.7,1056.8
343,2233.3,1057.3
343,2250,1057.8
343,2266.7,1058.3
343,2283.3,1058.8
343,2300,1059.3
343,2316.7,1059.8
343,2333.3,1060.2
343,2350,1060.7
343,2366.7,1061.2
343,2383.3,1061.7
343,2400,1062.2
343,2416.7,1062.6
343,2433.3,1063.1
343,2450,1063.6
343,2466.7,1064.1
343,2483.3,1064.5
343,2500,1065
343,2516.7,1065.5
343,2533.3,1066
343,2550,1066.4
343,2566.7,1066.9
343,2583.3,1067.4
343,2600,1067.8
343,2616.7,1068.3
343,2633.3,1068.8
343,2650,1069.2
343,2666.7,1069.7
343,2683.3,1070.2
343,2700,1070.6
343,2716.7,1071.1
343,2733.3,1071.5
343,2750,1072
343,2766.7,1072.4
343,2783.3,1072.9
343,2800,1073.4
343,2816.7,1073.8
343,2833.3,1074.3
343,2850,1074.7
343,2866.7,1075.2
343,2883.3,1075.6
343,2900,1076.1
343,2916.7,1076.5
343,2933.3,1077
343,2950,1077.4
343,2966.7,1077.9
343,2983.3,1078.3
343,3000,1078.7
343,3016.7,1079.2
343,3033.3,1079.6
343,3050,1080.1
343,3066.7,1080.5
343,3083.3,1081
343,3100,1081.4
343,3116.7,1081.8
343,3133.3,1082.3
343,3150,1082.7
343,3166.7,1083.1
343,3183.3,1083.6
343,3200,1084
343,3216.7,1084.4
343,3233.3,1084.9
343,3250,1085.3
343,3266.7,1085.7
343,3283.3,1086.2
343,3300,1086.6
343,3316.7,1087
343,3333.3,1087.4
343,3350,1087.9
343,3366.7,1088.3
343,3383.3,1088.7
343,3400,1089.1
343,3416.7,1089.6
343,3433.3,1090
343,3450,1090.4
343,3466.7,1090.8
343,3483.3,1091.3
343,3500,1091.7
343,3516.7,1092.1
343,3533.3,1092.5
343,3550,1092.9
343,3566.7,1093.3
343,3583.3,1093.8
343,3600,1094.2
343,3616.7,1094.6
343,3633.3,1095
343,3650,1095.4
343,3666.7,1095.8
343,3683.3,1096.2
343,3700,1096.6
343,3716.7,1097
343,3733.3,1097.5
343,3750,1097.9
343,3766.7,1098.3
343,3783.3,1098.7
343,3800,1099.1
343,3816.7,1099.5
343,3833.3,1099.9
343,3850,1100.3
343,3866.7,1100.7
343,3883.3,1101.1
343,3900,1101.5
343,3916.7,1101.9
343,3933.3,1102.3
343,3950,1102.7
343,3966.7,1103.1
343,3983.3,1103.5
343,4000,1103.9
343,4016.7,1104.3
343,4033.3,1104.7
343,4050,1105.1
343,4066.7,1105.5
343,4083.3,1105.9
343,4100,1106.3
343,4116.7,1106.6
343,4133.3,1107
343,4150,1107.4
343,4166.7,1107.8
343,4183.3,1108.2
343,4200,1108.6
343,4216.7,1109
343,4233.3,1109.4
343,4250,1109.8
343,4266.7,1110.1
343,4283.3,1110.5
343,4300,1110.9
343,4316.7,1111.3
343,4333.3,1111.7
343,4350,1112.1
343,4366.7,1112.4
343,4383.3,1112.8
343,4400,1113.2
343,4416.7,1113.6
343,4433.3,1114
343,4450,1114.3
343,4466.7,1114.7
343,4483.3,1115.1
343,4500,1115.5
343,4516.7,1115.9
343,4533.3,1116.2
343,4550,1116.6
343,4566.7,1117
343,4583.3,1117.4
343,4600,1117.7
343,4616.7,1118.1
343,4633.3,1118.5
343,4650,1118.8
343,4666.7,1119.2
343,4683.3,1119.6
343,4700,1120
343,4716.7,1120.3
343,4733.3,1120.7
343,4750,1121.1
343,4766.7,1121.4
343,4783.3,1121.8
343,4800,1122.2
343,4816.7,1122.5
343,4833.3,1122.9
343,4850,1123.3
343,4866.7,1123.6
343,4883.3,1124
343,4900,1124.4
343,4916.7,1124.7
343,4933.3,1125.1
343,4950,1125.4
343,4966.7,1125.8
343,4983.3,1126.2
343,5000,1126.5
353,0.47127,0.29201
353,0.47127,971.86
353,16.667,972.58
353,33.333,973.33
353,50,974.07
353,66.667,974.8
353,83.333,975.54
353,100,976.27
353,116.67,976.99
353,133.33,977.72
353,150,978.44
353,166.67,979.16
353,183.33,979.87
353,200,980.58
353,216.67,981.29
353,233.33,982
353,250,982.71
353,266.67,983.41
353,283.33,984.11
353,300,984.8
353,316.67,985.49
353,333.33,986.18
353,350,986.87
353,366.67,987.56
353,383.33,988.24
353,400,988.92
353,416.67,989.6
353,433.33,990.27
353,450,990.95
353,466.67,991.62
353,483.33,992.28
353,500,992.95
353,516.67,993.61
353,533.33,994.27
353,550,994.93
353,566.67,995.59
353,583.33,996.24
353,600,996.89
353,616.67,997.54
353,633.33,998.19
353,650,998.83
353,666.67,999.47
353,683.33,1000.1
353,700,1000.8
353,716.67,1001.4
353,733.33,1002
353,750,1002.7
353,766.67,1003.3
353,783.33,1003.9
353,800,1004.5
353,816.67,1005.2
353,833.33,1005.8
353,850,1006.4
353,866.67,1007
353,883.33,1007.6
353,900,1008.2
353,916.67,1008.9
353,933.33,1009.5
353,950,1010.1
353,966.67,1010.7
353,983.33,1011.3
353,1000,1011.9
353,1016.7,1012.5
353,1033.3,1013.1
353,1050,1013.7
353,1066.7,1014.3
353,1083.3,1014.9
353,1100,1015.4
353,1116.7,1016
353,1133.3,1016.6
353,1150,1017.2
353,1166.7,1017.8
353,1183.3,1018.4
353,1200,1019
353,1216.7,1019.5
353,1233.3,1020.1
353,1250,1020.7
353,1266.7,1021.3
353,1283.3,1021.8
353,1300,1022.4
353,1316.7,1023
353,1333.3,1023.5
353,1350,1024.1
353,1366.7,1024.7
353,1383.3,1025.2
353,1400,1025.8
353,1416.7,1026.3
353,1433.3,1026.9
353,1450,1027.5
353,1466.7,1028
353,1483.3,1028.6
353,1500,1029.1
353,1516.7,1029.7
353,1533.3,1030.2
353,1550,1030.8
353,1566.7,1031.3
353,1583.3,1031.8
353,1600,1032.4
353,1616.7,1032.9
353,1633.3,1033.5
353,1650,1034
353,1666.7,1034.5
353,1683.3,1035.1
353,1700,1035.6
353,1716.7,1036.1
353,1733.3,1036.7
353,1750,1037.2
353,1766.7,1037.7
353,1783.3,1038.2
353,1800,1038.8
353,1816.7,1039.3
353,1833.3,1039.8
353,1850,1040.3
353,1866.7,1040.9
353,1883.3,1041.4
353,1900,1041.9
353,1916.7,1042.4
353,1933.3,1042.9
353,1950,1043.4
353,1966.7,1043.9
353,1983.3,1044.5
353,2000,1045
353,2016.7,1045.5
353,2033.3,1046
353,2050,1046.5
353,2066.7,1047
353,2083.3,1047.5
353,2100,1048
353,2116.7,1048.5
353,2133.3,1049
353,2150,1049.5
353,2166.7,1050
353,2183.3,1050.5
353,2200,1051
353,2216.7,1051.5
353,2233.3,1052
353,2250,1052.5
353,2266.7,1052.9
353,2283.3,1053.4
353,2300,1053.9
353,2316.7,1054.4
353,2333.3,1054.9
353,2350,1055.4
353,2366.7,1055.9
353,2383.3,1056.3
353,2400,1056.8
353,2416.7,1057.3
353,2433.3,1057.8
353,2450,1058.3
353,2466.7,1058.7
353,2483.3,1059.2
353,2500,1059.7
353,2516.7,1060.2
353,2533.3,1060.6
353,2550,1061.1
353,2566.7,1061.6
353,2583.3,1062.1
353,2600,1062.5
353,2616.7,1063
353,2633.3,1063.5
353,2650,1063.9
353,2666.7,1064.4
353,2683.3,1064.8
353,2700,1065.3
353,2716.7,1065.8
353,2733.3,1066.2
353,2750,1066.7
353,2766.7,1067.1
353,2783.3,1067.6
353,2800,1068.1
353,2816.7,1068.5
353,2833.3,1069
353,2850,1069.4
353,2866.7,1069.9
353,2883.3,1070.3
353,2900,1070.8
353,2916.7,1071.2
353,2933.3,1071.7
353,2950,1072.1
353,2966.7,1072.6
353,2983.3,1073
353,3000,1073.5
353,3016.7,1073.9
353,3033.3,1074.4
353,3050,1074.8
353,3066.7,1075.2
353,3083.3,1075.7
353,3100,1076.1
353,3116.7,1076.6
353,3133.3,1077
353,3150,1077.4
353,3166.7,1077.9
353,3183.3,1078.3
353,3200,1078.7
353,3216.7,1079.2
353,3233.3,1079.6
353,3250,1080
353,3266.7,1080.5
353,3283.3,1080.9
353,3300,1081.3
353,3316.7,1081.8
353,3333.3,1082.2
353,3350,1082.6
353,3366.7,1083
353,3383.3,1083.5
353,3400,1083.9
353,3416.7,1084.3
353,3433.3,1084.7
353,3450,1085.2
353,3466.7,1085.6
353,3483.3,1086
353,3500,1086.4
353,3516.7,1086.8
353,3533.3,1087.3
353,3550,1087.7
353,3566.7,1088.1
353,3583.3,1088.5
353,3600,1088.9
353,3616.7,1089.3
353,3633.3,1089.8
353,3650,1090.2
353,3666.7,1090.6
353,3683.3,1091
353,3700,1091.4
353,3716.7,1091.8
353,3733.3,1092.2
353,3750,1092.6
353,3766.7,1093
353,3783.3,1093.4
353,3800,1093.8
353,3816.7,1094.3
353,3833.3,1094.7
353,3850,1095.1
353,3866.7,1095.5
353,3883.3,1095.9
353,3900,1096.3
353,3916.7,1096.7
353,3933.3,1097.1
353,3950,1097.5
353,3966.7,1097.9
353,3983.3,1098.3
353,4000,1098.7
353,4016.7,1099.1
353,4033.3,1099.5
353,4050,1099.9
353,4066.7,1100.3
353,4083.3,1100.6
353,4100,1101
353,4116.7,1101.4
353,4133.3,1101.8
353,4150,1102.2
353,4166.7,1102.6
353,4183.3,1103
353,4200,1103.4
353,4216.7,1103.8
353,4233.3,1104.2
353,4250,1104.6
353,4266.7,1104.9
353,4283.3,1105.3
353,4300,1105.7
353,4316.7,1106.1
353,4333.3,1106.5
353,4350,1106.9
353,4366.7,1107.2
353,4383.3,1107.6
353,4400,1108
353,4416.7,1108.4
353,4433.3,1108.8
353,4450,1109.2
353,4466.7,1109.5
353,4483.3,1109.9
353,4500,1110.3
353,4516.7,1110.7
353,4533.3,1111
353,4550,1111.4
353,4566.7,1111.8
353,4583.3,1112.2
353,4600,1112.5
353,4616.7,1112.9
353,4633.3,1113.3
353,4650,1113.7
353,4666.7,1114
353,4683.3,1114.4
353,4700,1114.8
353,4716.7,1115.2
353,4733.3,1115.5
353,4750,1115.9
353,4766.7,1116.3
353,4783.3,1116.6
353,4800,1117
353,4816.7,1117.4
353,4833.3,1117.7
353,4850,1118.1
353,4866.7,1118.5
353,4883.3,1118.8
353,4900,1119.2
353,4916.7,1119.6
353,4933.3,1119.9
353,4950,1120.3
353,4966.7,1120.6
353,4983.3,1121
353,5000,1121.4
363,0.69783,0.42164
363,0.69783,965.4
363,16.667,966.13
363,33.333,966.88
363,50,967.64
363,66.667,968.39
363,83.333,969.14
363,100,969.88
363,116.67,970.62
363,133.33,971.36
363,150,972.1
363,166.67,972.83
363,183.33,973.56
363,200,974.28
363,216.67,975
363,233.33,975.72
363,250,976.44
363,266.67,977.15
363,283.33,977.86
363,300,978.57
363,316.67,979.28
363,333.33,979.98
363,350,980.68
363,366.67,981.37
363,383.33,982.07
363,400,982.76
363,416.67,983.45
363,433.33,984.13
363,450,984.81
363,466.67,985.49
363,483.33,986.17
363,500,986.85
363,516.67,987.52
363,533.33,988.19
363,550,988.86
363,566.67,989.52
363,583.33,990.19
363,600,990.85
363,616.67,991.5
363,633.33,992.16
363,650,992.81
363,666.67,993.46
363,683.33,994.11
363,700,994.76
363,716.67,995.4
363,733.33,996.04
363,750,996.68
363,766.67,997.32
363,783.33,997.95
363,800,998.59
363,816.67,999.22
363,833.33,999.85
363,850,1000.5
363,866.67,1001.1
363,883.33,1001.7
363,900,1002.3
363,916.67,1003
363,933.33,1003.6
363,950,1004.2
363,966.67,1004.8
363,983.33,1005.4
363,1000,1006
363,1016.7,1006.6
363,1033.3,1007.2
363,1050,1007.8
363,1066.7,1008.4
363,1083.3,1009
363,1100,1009.6
363,1116.7,1010.2
363,1133.3,1010.8
363,1150,1011.4
363,1166.7,1012
363,1183.3,1012.6
363,1200,1013.2
363,1216.7,1013.7
363,1233.3,1014.3
363,1250,1014.9
363,1266.7,1015.5
363,1283.3,1016.1
363,1300,1016.6
363,1316.7,1017.2
363,1333.3,1017.8
363,1350,1018.4
363,1366.7,1018.9
363,1383.3,1019.5
363,1400,1020.1
363,1416.7,1020.6
363,1433.3,1021.2
363,1450,1021.7
363,1466.7,1022.3
363,1483.3,1022.9
363,1500,1023.4
363,1516.7,1024
363,1533.3,1024.5
363,1550,1025.1
363,1566.7,1025.6
363,1583.3,1026.2
363,1600,1026.7
363,1616.7,1027.3
363,1633.3,1027.8
363,1650,1028.3
363,1666.7,1028.9
363,1683.3,1029.4
363,1700,1030
363,1716.7,1030.5
363,1733.3,1031
363,1750,1031.6
363,1766.7,1032.1
363,1783.3,1032.6
363,1800,1033.2
363,1816.7,1033.7
363,1833.3,1034.2
363,1850,1034.7
363,1866.7,1035.3
363,1883.3,1035.8
363,1900,1036.3
363,1916.7,1036.8
363,1933.3,1037.3
363,1950,1037.9
363,1966.7,1038.4
363,1983.3,1038.9
363,2000,1039.4
363,2016.7,1039.9
363,2033.3,1040.4
363,2050,1040.9
363,2066.7,1041.4
363,2083.3,1041.9
363,2100,1042.4
363,2116.7,1042.9
363,2133.3,1043.5
363,2150,1044
363,2166.7,1044.5
363,2183.3,1045
363,2200,1045.4
363,2216.7,1045.9
363,2233.3,1046.4
363,2250,1046.9
363,2266.7,1047.4
363,2283.3,1047.9
363,2300,1048.4
363,2316.7,1048.9
363,2333.3,1049.4
363,2350,1049.9
363,2366.7,1050.4
363,2383.3,1050.8
363,2400,1051.3
363,2416.7,1051.8
363,2433.3,1052.3
363,2450,1052.8
363,2466.7,1053.3
363,2483.3,1053.7
363,2500,1054.2
363,2516.7,1054.7
363,2533.3,1055.2
363,2550,1055.6
363,2566.7,1056.1
363,2583.3,1056.6
363,2600,1057.1
363,2616.7,1057.5
363,2633.3,1058
363,2650,1058.5
363,2666.7,1058.9
363,2683.3,1059.4
363,2700,1059.9
363,2716.7,1060.3
363,2733.3,1060.8
363,2750,1061.2
363,2766.7,1061.7
363,2783.3,1062.2
363,2800,1062.6
363,2816.7,1063.1
363,2833.3,1063.5
363,2850,1064
363,2866.7,1064.5
363,2883.3,1064.9
363,2900,1065.4
363,2916.7,1065.8
363,2933.3,1066.3
363,2950,1066.7
363,2966.7,1067.2
363,2983.3,1067.6
363,3000,1068.1
363,3016.7,1068.5
363,3033.3,1069
363,3050,1069.4
363,3066.7,1069.8
363,3083.3,1070.3
363,3100,1070.7
363,3116.7,1071.2
363,3133.3,1071.6
363,3150,1072
363,3166.7,1072.5
363,3183.3,1072.9
363,3200,1073.4
363,3216.7,1073.8
363,3233.3,1074.2
363,3250,1074.7
363,3266.7,1075.1
363,3283.3,1075.5
363,3300,1076
363,3316.7,1076.4
363,3333.3,1076.8
363,3350,1077.3
363,3366.7,1077.7
363,3383.3,1078.1
363,3400,1078.5
363,3416.7,1079
363,3433.3,1079.4
363,3450,1079.8
363,3466.7,1080.2
363,3483.3,1080.7
363,3500,1081.1
363,3516.7,1081.5
363,3533.3,1081.9
363,3550,1082.3
363,3566.7,1082.8
363,3583.3,1083.2
363,3600,1083.6
363,3616.7,1084
363,3633.3,1084.4
363,3650,1084.8
363,3666.7,1085.3
363,3683.3,1085.7
363,3700,1086.1
363,3716.7,1086.5
363,3733.3,1086.9
363,3750,1087.3
363,3766.7,1087.7
363,3783.3,1088.1
363,3800,1088.5
363,3816.7,1088.9
363,3833.3,1089.4
363,3850,1089.8
363,3866.7,1090.2
363,3883.3,1090.6
363,3900,1091
363,3916.7,1091.4
363,3933.3,1091.8
363,3950,1092.2
363,3966.7,1092.6
363,3983.3,1093
363,4000,1093.4
363,4016.7,1093.8
363,4033.3,1094.2
363,4050,1094.6
363,4066.7,1095
363,4083.3,1095.4
363,4100,1095.8
363,4116.7,1096.2
363,4133.3,1096.5
363,4150,1096.9
363,4166.7,1097.3
363,4183.3,1097.7
363,4200,1098.1
363,4216.7,1098.5
363,4233.3,1098.9
363,4250,1099.3
363,4266.7,1099.7
363,4283.3,1100.1
363,4300,1100.4
363,4316.7,1100.8
363,4333.3,1101.2
363,4350,1101.6
363,4366.7,1102
363,4383.3,1102.4
363,4400,1102.8
363,4416.7,1103.1
363,4433.3,1103.5
363,4450,1103.9
363,4466.7,1104.3
363,4483.3,1104.7
363,4500,1105
363,4516.7,1105.4
363,4533.3,1105.8
363,4550,1106.2
363,4566.7,1106.6
363,4583.3,1106.9
363,4600,1107.3
363,4616.7,1107.7
363,4633.3,1108.1
363,4650,1108.4
363,4666.7,1108.8
363,4683.3,1109.2
363,4700,1109.6
363,4716.7,1109.9
363,4733.3,1110.3
363,4750,1110.7
363,4766.7,1111
363,4783.3,1111.4
363,4800,1111.8
363,4816.7,1112.1
363,4833.3,1112.5
363,4850,1112.9
363,4866.7,1113.2
363,4883.3,1113.6
363,4900,1114
363,4916.7,1114.3
363,4933.3,1114.7
363,4950,1115.1
363,4966.7,1115.4
363,4983.3,1115.8
363,5000,1116.2
373,1.0088,0.59518
373,1.0088,958.46
373,16.667,959.19
373,33.333,959.97
373,50,960.74
373,66.667,961.51
373,83.333,962.28
373,100,963.04
373,116.67,963.8
373,133.33,964.55
373,150,965.31
373,166.67,966.06
373,183.33,966.8
373,200,967.54
373,216.67,968.28
373,233.33,969.02
373,250,969.75
373,266.67,970.48
373,283.33,971.2
373,300,971.93
373,316.67,972.65
373,333.33,973.36
373,350,974.08
373,366.67,974.79
373,383.33,975.5
373,400,976.2
373,416.67,976.9
373,433.33,977.6
373,450,978.3
373,466.67,978.99
373,483.33,979.68
373,500,980.37
373,516.67,981.05
373,533.33,981.74
373,550,982.42
373,566.67,983.09
373,583.33,983.77
373,600,984.44
373,616.67,985.11
373,633.33,985.78
373,650,986.44
373,666.67,987.1
373,683.33,987.76
373,700,988.42
373,716.67,989.08
373,733.33,989.73
373,750,990.38
373,766.67,991.03
373,783.33,991.67
373,800,992.31
373,816.67,992.95
373,833.33,993.59
373,850,994.23
373,866.67,994.86
373,883.33,995.49
373,900,996.12
373,916.67,996.75
373,933.33,997.38
373,950,998
373,966.67,998.62
373,983.33,999.24
373,1000,999.86
373,1016.7,1000.5
373,1033.3,1001.1
373,1050,1001.7
373,1066.7,1002.3
373,1083.3,1002.9
373,1100,1003.5
373,1116.7,1004.1
373,1133.3,1004.7
373,1150,1005.3
373,1166.7,1005.9
373,1183.3,1006.5
373,1200,1007.1
373,1216.7,1007.7
373,1233.3,1008.3
373,1250,1008.9
373,1266.7,1009.5
373,1283.3,1010
373,1300,1010.6
373,1316.7,1011.2
373,1333.3,1011.8
373,1350,1012.4
373,1366.7,1012.9
373,1383.3,1013.5
373,1400,1014.1
373,1416.7,1014.7
373,1433.3,1015.2
373,1450,1015.8
373,1466.7,1016.4
373,1483.3,1016.9
373,1500,1017.5
373,1516.7,1018
373,1533.3,1018.6
373,1550,1019.2
373,1566.7,1019.7
373,1583.3,1020.3
373,1600,1020.8
373,1616.7,1021.4
373,1633.3,1021.9
373,1650,1022.5
373,1666.7,1023
373,1683.3,1023.6
373,1700,1024.1
373,1716.7,1024.6
373,1733.3,1025.2
373,1750,1025.7
373,1766.7,1026.3
373,1783.3,1026.8
373,1800,1027.3
373,1816.7,1027.9
373,1833.3,1028.4
373,1850,1028.9
373,1866.7,1029.4
373,1883.3,1030
373,1900,1030.5
373,1916.7,1031
373,1933.3,1031.5
373,1950,1032.1
373,1966.7,1032.6
373,1983.3,1033.1
373,2000,1033.6
373,2016.7,1034.1
373,2033.3,1034.7
373,2050,1035.2
373,2066.7,1035.7
373,2083.3,1036.2
373,2100,1036.7
373,2116.7,1037.2
373,2133.3,1037.7
373,2150,1038.2
373,2166.7,1038.7
373,2183.3,1039.2
373,2200,1039.7
373,2216.7,1040.2
373,2233.3,1040.7
373,2250,1041.2
373,2266.7,1041.7
373,2283.3,1042.2
373,2300,1042.7
373,2316.7,1043.2
373,2333.3,1043.7
373,2350,1044.2
373,2366.7,1044.7
373,2383.3,1045.2
373,2400,1045.7
373,2416.7,1046.2
373,2433.3,1046.6
373,2450,1047.1
373,2466.7,1047.6
373,2483.3,1048.1
373,2500,1048.6
373,2516.7,1049.1
373,2533.3,1049.5
373,2550,1050
373,2566.7,1050.5
373,2583.3,1051
373,2600,1051.4
373,2616.7,1051.9
373,2633.3,1052.4
373,2650,1052.9
373,2666.7,1053.3
373,2683.3,1053.8
373,2700,1054.3
373,2716.7,1054.7
373,2733.3,1055.2
373,2750,1055.7
373,2766.7,1056.1
373,2783.3,1056.6
373,2800,1057.1
373,2816.7,1057.5
373,2833.3,1058
373,2850,1058.4
373,2866.7,1058.9
373,2883.3,1059.4
373,2900,1059.8
373,2916.7,1060.3
373,2933.3,1060.7
373,2950,1061.2
373,2966.7,1061.6
373,2983.3,1062.1
373,3000,1062.5
373,3016.7,1063
373,3033.3,1063.4
373,3050,1063.9
373,3066.7,1064.3
373,3083.3,1064.8
373,3100,1065.2
373,3116.7,1065.7
373,3133.3,1066.1
373,3150,1066.5
373,3166.7,1067
373,3183.3,1067.4
373,3200,1067.9
373,3216.7,1068.3
373,3233.3,1068.7
373,3250,1069.2
373,3266.7,1069.6
373,3283.3,1070
373,3300,1070.5
373,3316.7,1070.9
373,3333.3,1071.3
373,3350,1071.8
373,3366.7,1072.2
373,3383.3,1072.6
373,3400,1073.1
373,3416.7,1073.5
373,3433.3,1073.9
373,3450,1074.4
373,3466.7,1074.8
373,3483.3,1075.2
373,3500,1075.6
373,3516.7,1076.1
373,3533.3,1076.5
373,3550,1076.9
373,3566.7,1077.3
373,3583.3,1077.7
373,3600,1078.2
373,3616.7,1078.6
373,3633.3,1079
373,3650,1079.4
373,3666.7,1079.8
373,3683.3,1080.2
373,3700,1080.7
373,3716.7,1081.1
373,3733.3,1081.5
373,3750,1081.9
373,3766.7,1082.3
373,3783.3,1082.7
373,3800,1083.1
373,3816.7,1083.5
373,3833.3,1084
373,3850,1084.4
373,3866.7,1084.8
373,3883.3,1085.2
373,3900,1085.6
373,3916.7,1086
373,3933.3,1086.4
373,3950,1086.8
373,3966.7,1087.2
373,3983.3,1087.6
373,4000,1088
373,4016.7,1088.4
373,4033.3,1088.8
373,4050,1089.2
373,4066.7,1089.6
373,4083.3,1090
373,4100,1090.4
373,4116.7,1090.8
373,4133.3,1091.2
373,4150,1091.6
373,4166.7,1092
373,4183.3,1092.4
373,4200,1092.8
373,4216.7,1093.2
373,4233.3,1093.6
373,4250,1093.9
373,4266.7,1094.3
373,4283.3,1094.7
373,4300,1095.1
373,4316.7,1095.5
373,4333.3,1095.9
373,4350,1096.3
373,4366.7,1096.7
373,4383.3,1097
373,4400,1097.4
373,4416.7,1097.8
373,4433.3,1098.2
373,4450,1098.6
373,4466.7,1099
373,4483.3,1099.4
373,4500,1099.7
373,4516.7,1100.1
373,4533.3,1100.5
373,4550,1100.9
373,4566.7,1101.3
373,4583.3,1101.6
373,4600,1102
373,4616.7,1102.4
373,4633.3,1102.8
373,4650,1103.1
373,4666.7,1103.5
373,4683.3,1103.9
373,4700,1104.3
373,4716.7,1104.6
373,4733.3,1105
373,4750,1105.4
373,4766.7,1105.8
373,4783.3,1106.1
373,4800,1106.5
373,4816.7,1106.9
373,4833.3,1107.2
373,4850,1107.6
373,4866.7,1108
373,4883.3,1108.3
373,4900,1108.7
373,4916.7,1109.1
373,4933.3,1109.4
373,4950,1109.8
373,4966.7,1110.2
373,4983.3,1110.5
373,5000,1110.9
