298,1,997.09,0.0010029,1.877,1.8788,6.5773,74.55,75.329,1496.3,-0.022157,893.07,0.60627,liquid,78.46265566,3.558598282,2.1649,2.72515286369125,3.66615555555556,0.54300852876671
298,2,997.13,0.0010029,1.8769,1.8805,6.5768,74.544,75.323,1496.5,-0.022157,893.06,0.60633,liquid,78.46597175,3.558569757,2.1649,2.76645601010819,3.66616888888889,0.59843890901912
298,5,997.27,0.0010027,1.8765,1.8855,6.5754,74.526,75.308,1497,-0.022156,893.02,0.6065,liquid,78.47757947,3.558469977,2.1649,2.74749157314078,3.66685333333333,0.58192514628136
298,10,997.49,0.0010025,1.8758,1.8939,6.5731,74.495,75.282,1497.8,-0.022154,892.95,0.60678,liquid,78.49582459,3.558313363,2.1649,2.76174019101775,3.66462666666667,0.60655888659302
298,20,997.94,0.0010021,1.8744,1.9105,6.5685,74.435,75.23,1499.5,-0.022152,892.81,0.60735,liquid,78.53316106,3.55799371,2.1649,2.76302687200499,3.66542888888889,0.59458918093272
298,50,999.29,0.0010007,1.8703,1.9605,6.5544,74.256,75.077,1504.5,-0.022143,892.41,0.60903,liquid,78.64530761,3.557040383,2.1649,2.75294710932877,3.66430666666667,0.59107652919945
298,100,1001.5,0.0009985,1.8635,2.0434,6.5307,73.964,74.829,1512.9,-0.022128,891.82,0.6118,liquid,78.8293464,3.555498192,2.165,2.75366869699667,3.66622222222222,0.59180820920237
298,200,1005.9,0.00099415,1.8501,2.2083,6.4818,73.405,74.36,1529.6,-0.022093,890.89,0.61722,liquid,79.19747359,3.552497478,2.165,2.75548862937655,3.66814444444444,0.59438403122052
298,500,1018.5,0.00098185,1.8113,2.6957,6.3254,71.898,73.144,1579.6,-0.021966,890.09,0.63246,liquid,80.2651633,3.544444717,2.1651,2.74797872063491,3.66435111111111,0.5747371726021
298,1000,1037.9,0.00096346,1.75,3.4856,6.0369,69.868,71.636,1662.7,-0.021706,895.14,0.65489,liquid,81.95306771,3.533753129,2.1652,2.77140741327551,3.66577111111111,0.61267718012415
298,2000,1072,0.00093286,1.6385,4.9996,5.3889,67.079,69.878,1823.7,-0.021154,926.47,0.69103,liquid,85.07542072,3.52067297,2.1655,2.77116754260657,3.67001111111111,0.61080606917473
298,5000,1149.5,0.00086994,1.3951,9.2313,3.2891,63.355,68.197,2227,-0.019951,1147.2,0.76003,liquid,93.15114981,3.523255259,2.166,2.7765859549662,3.67711777777778,0.60245395764293
400,5,937.62,0.0010665,9.5948,9.6044,28.843,65.433,76.652,1510.1,-0.016099,218.69,0.68301,liquid,49.04701021,3.195369645,2.1608,2.60774846287832,3.19132,0.44831420633063
400,10,937.87,0.0010662,9.5914,9.6106,28.834,65.422,76.628,1511.3,-0.016113,218.82,0.68332,liquid,49.06459972,3.195473695,2.1608,2.62509313660177,3.19143555555556,0.47896661979321
400,20,938.39,0.0010657,9.5846,9.6229,28.817,65.401,76.58,1513.7,-0.016141,219.08,0.68394,liquid,49.10119385,3.195689991,2.1608,2.60865166716303,3.19274888888889,0.42805703440198
400,50,939.91,0.0010639,9.5643,9.6601,28.766,65.337,76.438,1520.9,-0.016222,219.87,0.6858,liquid,49.2082234,3.196321292,2.1608,2.62746222640945,3.19424222222222,0.47125145259923
400,100,942.42,0.0010611,9.5311,9.7222,28.682,65.233,76.208,1532.7,-0.016351,221.17,0.68888,liquid,49.38516821,3.197360841,2.1609,2.60487254573246,3.19901111111111,0.45614263878261
400,200,947.31,0.0010556,9.4671,9.8474,28.519,65.028,75.772,1555.7,-0.016592,223.73,0.69495,liquid,49.73064663,3.199376881,2.161,2.60885648669781,3.20338444444444,0.44666805096526
400,500,961.12,0.0010404,9.2915,10.229,28.056,64.447,74.62,1620.4,-0.017191,231.24,0.7126,liquid,50.71203219,3.205025836,2.1612,2.62959667545788,3.21724888888889,0.46840281525814
400,1000,981.82,0.0010185,9.0423,10.877,27.36,63.582,73.086,1717.3,-0.017905,243.33,0.74039,liquid,52.20064164,3.213478485,2.1615,2.61805151467839,3.24443111111111,0.46176071534237
400,2000,1017.1,0.00098317,8.6558,12.198,26.158,62.176,70.913,1882.7,-0.018737,266.82,0.7912,liquid,54.79603317,3.228375405,2.162,2.66032560022904,3.28133111111111,0.49619851750982
400,5000,1096.4,0.00091204,7.9635,16.179,23.347,59.634,67.603,2258.7,-0.019486,338.61,0.91761,liquid,60.99861001,3.268833402,2.163,2.66980376450818,3.35464222222222,0.50805314013002
500,1,0.43514,2.2981,48.619,52.759,143.13,27.17,35.693,548.31,1.9298,17.299,0.036032,vapor,1.00326194,1.000350549,1.8478,1.85592552468673,0.0267422222222222,0.00812552468673
500,2,0.87394,1.1442,48.566,52.689,137.26,27.441,36.183,547.01,1.9376,17.272,0.036287,vapor,1.00656062,1.000707928,1.8485,1.85574353670843,0.0281,0.00724353670843003
500,5,2.2135,0.45176,48.404,52.473,129.31,28.33,37.803,542.97,1.9565,17.19,0.037075,vapor,1.016688859,1.001822943,1.8504,1.86378021052218,0.0384733333333333,0.0133802105221799
500,50,833.51,0.0011997,17.474,17.582,46.415,58.082,83.643,1250,-0.0049452,118.53,0.6417,liquid,30.55102108,2.836539836,2.1543,2.48280117975162,2.67360444444444,0.33119688674511
500,100,838.02,0.0011933,17.389,17.604,46.244,58.028,82.91,1271.3,-0.005669,119.83,0.64641,liquid,30.793893,2.841014131,2.1544,2.49446598036438,2.68354444444444,0.3335664899313
500,200,846.53,0.0011813,17.231,17.656,45.92,57.929,81.623,1311.3,-0.0069326,122.33,0.65557,liquid,31.25369757,2.849329875,2.1546,2.48578591870406,2.69988888888889,0.33740337878606
500,500,868.88,0.0011509,16.822,17.858,45.064,57.673,78.722,1415.4,-0.0097214,129.26,0.68135,liquid,32.47123916,2.87044601,2.1553,2.51153406930765,2.73744444444444,0.35859080377029
500,1000,899.21,0.0011121,16.289,18.292,43.895,57.324,75.607,1555.7,-0.012564,139.57,0.72025,liquid,34.14872349,2.897700437,2.1561,2.51217576471975,2.79418444444444,0.34156622796265
500,2000,945.83,0.0010573,15.529,19.338,42.086,56.78,72.043,1770.3,-0.015489,157.84,0.78936,liquid,36.79410934,2.937512454,2.1572,2.533322148908,2.87460666666667,0.37697235490987
500,5000,1039.4,0.0009621,14.264,22.93,38.412,55.769,67.522,2200.7,-0.018339,205.91,0.95764,liquid,42.44360294,3.017257097,2.1591,2.58031032848912,3.01899777777778,0.41482827796956
600,1,0.36185,2.7635,51.387,56.365,149.7,28.103,36.513,598.61,1.0567,21.425,0.046424,vapor,1.002296864,1.000284106,1.8477,1.85661165913732,0.0267422222222222,0.00891165913732017
600,2,0.72518,1.379,51.358,56.327,143.89,28.197,36.704,597.95,1.0574,21.416,0.046573,vapor,1.004607844,1.000571404,1.8481,1.85530366620561,0.0281,0.00720366620560986
600,5,1.8242,0.5482,51.271,56.209,136.13,28.487,37.298,595.97,1.0593,21.39,0.047026,vapor,1.011627149,1.00145278,1.8494,1.85814326332359,0.0384733333333333,0.00874326332358999
600,10,3.6871,0.27122,51.123,56.009,130.11,29.002,38.358,592.58,1.0615,21.349,0.047802,vapor,1.023625311,1.002988883,1.8517,1.85651000601848,0.0578755555555556,0.00481000601848014
600,20,7.5406,0.13262,50.811,55.589,123.82,30.146,40.767,585.49,1.0624,21.27,0.049444,vapor,1.048849595,1.006332469,1.8564,1.86991941890681,0.11144,0.01351941890681
600,200,675.11,0.0014812,26.244,26.778,62.481,54.114,110.2,847.35,0.031519,79.73,0.52514,liquid,17.50311118,2.447633791,2.1416,2.36395737165456,2.09294222222222,0.25168331821734
600,500,734.55,0.0013614,24.998,26.224,60.285,53.149,90.905,1075.1,0.0098221,90.148,0.5747,liquid,19.90434236,2.534540683,2.1451,2.39175822726608,2.20936444444444,0.25006945950299
600,1000,791.49,0.0012634,23.82,26.097,58.109,52.776,81.104,1300.4,-0.0020786,101.85,0.63492,liquid,22.29018124,2.607888504,2.1479,2.42208503190728,2.32142,0.26593601216799
600,2000,861.35,0.001161,22.451,26.634,55.381,52.639,73.969,1588.6,-0.010492,119.16,0.72807,liquid,25.33571821,2.687375614,2.1507,2.4567953840492,2.46648444444444,0.32593394735429
600,5000,978.53,0.0010219,20.481,29.687,50.731,52.734,67.584,2093.8,-0.016883,156.33,0.93496,liquid,30.81777633,2.807188163,2.1544,2.50558791428469,2.69277555555556,0.3447971740684
700,1,0.30988,3.227,54.256,60.069,155.41,29.225,37.592,643.92,0.66444,25.562,0.057782,vapor,1.001712979,1.000260207,1.8475,1.85566091486336,0.0184555555555556,0.00816091486336013
700,2,0.62046,1.6117,54.237,60.044,149.62,29.269,37.689,643.55,0.6644,25.561,0.057878,vapor,1.003432584,1.000522181,1.8479,1.85628905062752,0.0191177777777778,0.00838905062751993
700,5,1.5564,0.64252,54.181,59.969,141.92,29.402,37.986,642.43,0.66425,25.558,0.05817,vapor,1.008631402,1.001318763,1.8489,1.85561948751542,0.0235533333333333,0.00671948751541995
700,10,3.1305,0.31943,54.087,59.842,136.02,29.629,38.495,640.55,0.66387,25.555,0.058664,vapor,1.017432039,1.002682468,1.8505,1.85498560045971,0.0335022222222222,0.00448560045971003
700,20,6.3346,0.15786,53.895,59.583,129.98,30.103,39.571,636.71,0.66265,25.553,0.059686,vapor,1.035569634,1.005550321,1.8539,1.8556112694896,0.0541577777777778,0.00171126948959999
700,50,16.442,0.060818,53.286,58.765,121.48,31.678,43.318,624.59,0.65536,25.582,0.063054,vapor,1.094813037,1.015384801,1.8645,1.87182979639302,0.121348888888889,0.01222088394189
700,100,35.355,0.028285,52.145,57.241,114.05,34.838,51.779,602.2,0.63228,25.773,0.069997,vapor,1.214477361,1.036821044,1.885,1.90918631509227,0.245811111111111,0.0334398901769899
700,200,86.38,0.011577,49.186,53.357,103.84,43.266,84.474,547.76,0.55004,27.053,0.093941,vapor,1.602654121,1.11164752,1.9326,1.98044888035726,0.585695555555555,0.0700255555511997
700,500,491.03,0.0020365,35.565,37.399,77.401,51.967,149.76,639.75,0.10222,59,0.38452,supercritical,8.963134708,2.002912104,2.1149,2.25183506800796,1.5481,0.15173868353646
700,1000,651.77,0.0015343,31.916,34.68,71.32,49.61,91.576,1020,0.021155,79.123,0.50887,supercritical,13.75430778,2.299132924,2.1338,2.31690080328174,1.82741555555556,0.19617689556447
700,2000,766.01,0.0013055,29.444,34.148,66.96,49.465,76.357,1392.3,-0.0027045,98.616,0.63622,supercritical,17.60082059,2.464746137,2.1418,2.34871266894957,2.06336666666667,0.21220581082461
700,5000,916.02,0.0010917,26.606,36.439,61.141,50.315,67.436,1970.5,-0.015188,131.71,0.88258,supercritical,23.17085291,2.640635688,2.1488,2.42554269028268,2.37923333333333,0.26085141123739
800,1,0.27102,3.6897,57.24,63.887,160.5,30.431,38.778,685.47,0.45167,29.657,0.069908,vapor,1.001331647,1.000247315,1.8475,1.85557083316178,0.0152,0.00807083316178003
800,2,0.54241,1.8436,57.227,63.87,154.72,30.455,38.836,685.25,0.45158,29.659,0.069983,vapor,1.002666874,1.000495705,1.8477,1.85566428946903,0.0136133333333333,0.00796428946903016
800,5,1.3587,0.73599,57.188,63.817,147.06,30.528,39.009,684.59,0.45128,29.667,0.070209,vapor,1.00669364,1.001247252,1.8485,1.85598281415813,0.0178977777777778,0.00748281415813001
800,10,2.7265,0.36677,57.121,63.729,141.21,30.651,39.301,683.48,0.45077,29.68,0.070591,vapor,1.013477043,1.002521429,1.8498,1.85606659363729,0.0235977777777778,0.00626659363728987
800,20,5.4901,0.18215,56.988,63.55,135.28,30.901,39.903,681.24,0.44963,29.71,0.071374,vapor,1.027321801,1.005152206,1.8524,1.85678100517876,0.0362466666666667,0.00438100517876006
800,50,14.017,0.071343,56.576,63.002,127.14,31.683,41.848,674.39,0.44532,29.824,0.07388,vapor,1.071241377,1.013734231,1.8604,1.86687498807706,0.0749977777777778,0.00488664655680005
800,100,29.107,0.034356,55.851,62.04,120.46,33.089,45.603,662.61,0.43529,30.101,0.078664,vapor,1.153643566,1.03056652,1.8744,1.87717098071236,0.145415555555556,0.0119760580978399
800,200,63.396,0.015774,54.243,59.926,112.65,36.229,55.456,638.5,0.40508,31.057,0.091266,vapor,1.365376496,1.075865297,1.9051,1.91921517751348,0.270051111111111,0.02329120495612
800,500,218.07,0.0045857,48.087,52.217,97.281,45.393,106.36,595.46,0.25087,39.376,0.17772,supercritical,2.843989673,1.362035457,2.0166,2.07936804719134,0.788215555555556,0.0511477017697999
800,1000,482.23,0.0020737,40.7,44.435,84.331,47.143,101.08,813.97,0.065939,61.842,0.37117,supercritical,7.562351886,1.927233501,2.1052,2.21749159036391,1.33348888888889,0.10075302028621
800,2000,663.65,0.0015068,36.468,41.897,77.304,47.038,78.435,1223.5,0.0085215,84.215,0.53806,supercritical,12.16667161,2.249012556,2.1291,2.28803918127893,1.68800666666667,0.1424251074343
800,5000,853.66,0.0011714,32.615,43.167,70.124,48.442,67.08,1850.1,-0.013256,116.83,0.81841,supercritical,17.88228487,2.503768809,2.1422,2.36951591165213,2.09498,0.22337464704667
900,1,0.24085,4.152,60.347,67.827,165.14,31.687,40.024,724.03,0.3228,33.68,0.082647,vapor,1.001068352,1.000237202,1.8474,1.85578395591865,0.0132755555555556,0.00838395591865004
900,2,0.48189,2.0751,60.337,67.814,159.37,31.702,40.06,723.9,0.32273,33.684,0.082716,vapor,1.002138745,1.000475079,1.8476,1.85514148190186,0.0121844444444444,0.00754148190185999
900,5,1.2062,0.82904,60.308,67.775,151.72,31.747,40.171,723.5,0.3225,33.696,0.082927,vapor,1.005362442,1.001192813,1.8482,1.85597281865529,0.0137688888888889,0.00777281865528989
900,10,2.4174,0.41367,60.258,67.71,145.9,31.821,40.358,722.85,0.32212,33.716,0.083281,vapor,1.010777499,1.002402803,1.8493,1.85541196173921,0.0190422222222222,0.00611196173921003
900,20,4.8547,0.20599,60.158,67.58,140.02,31.971,40.737,721.53,0.32131,33.759,0.084001,vapor,1.021767385,1.00487452,1.8514,1.85309817773399,0.0283422222222222,0.00169817773399017
900,50,12.291,0.081362,59.855,67.183,132.07,32.43,41.922,717.57,0.31856,33.903,0.086268,vapor,1.056083432,1.0127146,1.8577,1.85537228304988,0.0533022222222222,-0.00433971166489
900,100,25.123,0.039804,59.334,66.505,125.72,33.219,44.062,710.98,0.31289,34.201,0.09042,vapor,1.118198219,1.027262275,1.8685,1.87094496057863,0.09858,0.00765284602463989
900,200,52.615,0.019006,58.237,65.085,118.73,34.861,48.989,698.45,0.29764,35.028,0.10035,vapor,1.264651293,1.062431539,1.8913,1.89389433504779,0.179322222222222,-0.00192379041368995
900,500,152.03,0.0065775,54.575,60.499,107.08,39.696,68.223,678.6,0.22688,39.66,0.14775,supercritical,1.974890935,1.224866211,1.966,1.98838747421373,0.482742222222222,0.01359048156839
900,1000,343.61,0.0029102,48.805,54.048,95.669,43.932,88.057,765.3,0.10399,52.771,0.27539,supercritical,4.2834611,1.612063835,2.0614,2.11067605251633,0.92636,0.0551763886483103
900,2000,563.38,0.001775,43.354,49.749,86.553,45.168,77.97,1109.8,0.021142,73.609,0.45502,supercritical,8.416002399,2.039609566,2.1115,2.211821466419,1.35470444444444,0.11162612276861
900,5000,792.99,0.001261,38.492,49.851,77.998,47.068,66.596,1743.4,-0.011124,106.28,0.75328,supercritical,14.07776457,2.384885805,2.1346,2.31554310720491,1.83793333333333,0.19492275316174
1000,1,0.21673,4.614,63.581,71.893,169.43,32.963,41.293,760.17,0.23885,37.615,0.095877,vapor,1.000878554,1.000227703,1.8474,1.856,0.0113288888888889,0.00860000000000016
1000,2,0.43357,2.3064,63.573,71.883,163.65,32.973,41.318,760.09,0.2388,37.62,0.095949,vapor,1.001758408,1.000455859,1.8476,1.85594207873733,0.0110622222222222,0.00834207873733006
1000,5,1.0848,0.92186,63.55,71.853,156.01,33.002,41.394,759.87,0.23864,37.633,0.096168,vapor,1.004405999,1.001143096,1.8481,1.85499743708376,0.0130666666666667,0.00689743708376001
1000,10,2.1723,0.46034,63.511,71.804,150.21,33.051,41.522,759.5,0.23837,37.655,0.096534,vapor,1.008844539,1.002297469,1.8489,1.85539671127369,0.0154933333333333,0.00649671127369
1000,20,4.3558,0.22958,63.433,71.705,144.37,33.149,41.779,758.77,0.23782,37.702,0.097275,vapor,1.017822061,1.004640553,1.8506,1.85344003943989,0.0219022222222222,0.00284003943988997
1000,50,10.975,0.09112,63.197,71.405,136.52,33.447,42.571,756.57,0.23599,37.853,0.099575,vapor,1.045583187,1.011946778,1.8558,1.85912184115946,0.0407533333333333,0.00332184115946021
1000,100,22.241,0.044963,62.798,70.898,130.35,33.947,43.952,753.03,0.23241,38.144,0.10367,vapor,1.094788997,1.025062324,1.8645,1.86401376861254,0.0685688888888889,0.00584895540846997
1000,200,45.696,0.021884,61.978,69.863,123.77,34.958,46.944,746.67,0.22333,38.871,0.11289,vapor,1.205683593,1.054933837,1.8825,1.87622997429231,0.141033333333333,-0.000490509387820026
1000,500,123.48,0.0080984,59.384,66.679,113.6,37.877,57.222,740.02,0.18385,42.209,0.14995,supercritical,1.6679262,1.174347996,1.9393,1.94088990637574,0.316802222222222,0.00675987479196993
1000,1000,265.45,0.0037673,55.188,61.975,104.04,41.345,71.678,792.5,0.10944,50.506,0.23777,supercritical,2.95592469,1.440815038,2.0213,2.02439739149293,0.666622222222222,0.0181591456965999
1000,2000,477.38,0.0020948,49.818,57.365,94.581,43.73,73.91,1052.1,0.030599,66.864,0.39806,supercritical,6.002711025,1.857383182,2.0897,2.14140516794668,1.08242666666667,0.0609942183815999
1000,5000,735.28,0.00136,44.233,56.484,84.987,46.126,66.041,1655.7,-0.00891,98.022,0.69469,supercritical,11.26771816,2.277422311,2.1259,2.2678420731499,1.61229555555556,0.12129203867616
