Time,Temperature,Pressure,Density,Epsilon,Number of Honds,Percentage of H-bonds,Nearest Neighbour,Dipole Moment,State,donors,acceptors,nHB,Clusters
5,298,1,997.219,57.3435666666667,1649.77,91.6538888888889,3.66615555555556,2.72120274154041,liquid,0.81,0.79,1.6,0.436424471289937
5,298,2,997.287,57.9104428571429,1649.776,91.6542222222222,3.66616888888889,2.76978791261484,liquid,0.8,0.765,1.565,0.426876133487213
5,298,5,997.442,58.5896571428571,1650.084,91.6713333333333,3.66685333333333,2.73867189446424,liquid,0.73,0.735,1.465,0.399525115085051
5,298,10,997.746,57.5067714285714,1649.082,91.6156666666667,3.66462666666667,2.77276389949132,liquid,0.79,0.76,1.55,0.422962593733968
5,298,20,997.776,58.7874,1649.443,91.6357222222222,3.66542888888889,2.7618699107144,liquid,0.75,0.75,1.5,0.409229054899139
5,298,50,999.4,55.9198,1648.938,91.6076666666667,3.66430666666667,2.75503216360766,liquid,0.775,0.74,1.515,0.413447928302944
5,298,100,1001.85,57.0170714285714,1649.8,91.6555555555556,3.66622222222222,2.75774874469084,liquid,0.75,0.775,1.525,0.415959510243666
5,298,200,1006.14,56.2223,1650.665,91.7036111111111,3.66814444444444,2.75708345207724,liquid,0.795,0.745,1.54,0.419830795467282
5,298,500,1019.09,59.2242142857143,1648.958,91.6087777777778,3.66435111111111,2.74243806790931,liquid,0.72,0.735,1.455,0.39706893686801
5,298,1000,1039.23,60.3945428571429,1649.597,91.6442777777778,3.66577111111111,2.77614652468854,liquid,0.68,0.71,1.39,0.379183521793505
5,298,2000,1074.2,62.3443,1651.505,91.7502777777778,3.67001111111111,2.77371254422776,liquid,0.835,0.755,1.59,0.433241195152301
5,298,5000,1153.62,68.9165857142857,1654.703,91.9279444444445,3.67711777777778,2.77265175973793,liquid,0.63,0.76,1.39,0.378013456191232
5,400,1,933.856,52.6554714285714,1435.854,79.7696666666667,3.19078666666667,2.63527488664778,liquid,0.66,0.585,1.245,0.390185910266642
5,400,2,933.743,51.7021142857143,1437.549,79.8638333333333,3.19455333333333,2.60897066593269,liquid,0.675,0.66,1.335,0.417898798580084
5,400,5,934.021,51.4785571428571,1436.094,79.783,3.19132,2.60620211365956,liquid,0.575,0.58,1.155,0.361919205845857
5,400,10,934.373,51.4335285714286,1436.146,79.7858888888889,3.19143555555556,2.63976661979321,liquid,0.565,0.6,1.165,0.365039487628695
5,400,20,934.944,52.3220571428571,1436.737,79.8187222222222,3.19274888888889,2.59580896036326,liquid,0.58,0.6,1.18,0.369587474951922
5,400,50,936.704,53.6982285714286,1437.409,79.8560555555556,3.19424222222222,2.6362134124643,liquid,0.605,0.555,1.16,0.363153423973274
5,400,100,939.222,51.5953,1439.555,79.9752777777778,3.19901111111111,2.61704263878261,liquid,0.545,0.595,1.14,0.356360125177572
5,400,200,944.524,52.1172571428571,1441.523,80.0846111111111,3.20338444444444,2.60445714229615,liquid,0.53,0.595,1.125,0.351191066670459
5,400,500,959.284,54.3706714285714,1447.762,80.4312222222222,3.21724888888889,2.62797054311283,liquid,0.62,0.61,1.23,0.38231422015497
5,400,1000,981.54,54.8229428571429,1459.994,81.1107777777778,3.24443111111111,2.62326071534237,liquid,0.44,0.57,1.01,0.311302649188969
5,400,2000,1018.4,57.1994,1476.599,82.0332777777778,3.28133111111111,2.66288872510401,liquid,0.65,0.57,1.22,0.371800333062666
5,400,5000,1099.94,63.3470285714286,1509.589,83.8660555555556,3.35464222222222,2.66461256488665,vapor,0.58,0.605,1.185,0.353241842647237
5,500,10,820.55,41.3440571428571,1199.585,66.6436111111111,2.66574444444444,2.49886649542095,vapor,0.45,0.47,0.92,0.345119353776515
5,500,20,821.521,41.6925714285714,1200.88,66.7155555555556,2.66862222222222,2.47559055732126,liquid,0.405,0.48,0.885,0.331631803344215
5,500,50,824.719,41.2829714285714,1203.122,66.8401111111111,2.67360444444444,2.48267248264812,liquid,0.45,0.41,0.86,0.321663139731466
5,500,100,829.639,42.7272714285714,1207.595,67.0886111111111,2.68354444444444,2.48773604461917,liquid,0.48,0.47,0.95,0.354009415408312
5,500,200,838.952,42.1395714285714,1214.95,67.4972222222222,2.69988888888889,2.48489084734454,liquid,0.47,0.465,0.935,0.346310547759167
5,500,500,862.908,45.7239142857143,1231.85,68.4361111111111,2.73744444444444,2.51170056795643,liquid,0.44,0.49,0.93,0.339732922027845
5,500,1000,895.169,46.2321857142857,1257.383,69.8546111111111,2.79418444444444,2.49559646257287,liquid,0.5,0.49,0.99,0.354307319249585
5,500,2000,943.967,49.2434,1293.573,71.8651666666667,2.87460666666667,2.53614813247862,liquid,0.51,0.565,1.075,0.373964206117474
5,500,5000,1040.5,55.4178285714286,1358.549,0.54300852876671,3.01899777777778,2.5741849252964,liquid,0.5,0.52,1.02,0.337860467307399
5,600,1,1.49023,1.00288,12.034,0.59843890901912,0.0267422222222222,1.85661165913732,vapor,0,0,0,0
5,600,2,2.04508,1.00829,12.645,0.58192514628136,0.0281,1.85530366620561,vapor,0,0.005,0.005,0.177935943060498
5,600,5,3.03461,1.02766,17.313,0.60655888659302,0.0384733333333333,1.85814326332359,vapor,0.01,0.005,0.015,0.389880436666089
5,600,10,4.8351,1.06018571428571,26.044,0.59458918093272,0.0578755555555556,1.85651000601848,vapor,0.005,0.005,0.01,0.172784518507142
5,600,20,16.093,1.12565571428571,50.148,0.59107652919945,0.11144,1.86991941890681,vapor,0.02,0.02,0.04,0.358937544867193
5,600,100,630.905,28.2185857142857,915.044,0.59438403122052,2.03343111111111,2.35471254752161,liquid,0.27,0.29,0.56,0.275396592950722
5,600,200,665.51,30.4052857142857,941.824,0.5747371726021,2.09294222222222,2.36395737165456,liquid,0.355,0.35,0.705,0.336846374694211
5,600,500,726.422,32.8773285714286,994.214,0.61267718012415,2.20936444444444,2.39175822726608,liquid,0.365,0.345,0.71,0.321359385403948
5,600,1000,784.901,36.3993285714286,1044.639,0.61080606917473,2.32142,2.42208503190728,liquid,0.34,0.38,0.72,0.310154991341507
5,600,2000,856.809,41.7848571428572,1109.918,0.60245395764293,2.46648444444444,2.4567953840492,liquid,0.355,0.39,0.745,0.302049340581917
5,600,5000,977.2,49.2388142857143,1211.749,0.44831420633063,2.69277555555556,2.50558791428469,liquid,0.38,0.375,0.755,0.280379847641714
5,700,1,1.41123,1.00156428571429,8.305,0.47896661979321,0.0184555555555556,1.85566091486336,vapor,0,0,0,0
5,700,2,1.60407,1.00527428571429,8.603,0.42805703440198,0.0191177777777778,1.85628905062752,vapor,0,0.005,0.005,0.261536673253516
5,700,5,2.57118,1.02010142857143,10.599,0.47125145259923,0.0235533333333333,1.85561948751542,vapor,0,0.01,0.01,0.424568355505237
5,700,10,4.00993,1.04716285714286,15.076,0.45614263878261,0.0335022222222222,1.85498560045971,vapor,0,0.005,0.005,0.149243831254975
5,700,20,7.13174,1.10147142857143,24.371,0.44666805096526,0.0541577777777778,1.8556112694896,vapor,0.005,0.005,0.01,0.184645685445817
5,700,50,17.1726,1.27192,54.607,0.46840281525814,0.121348888888889,1.87182979639302,vapor,0.005,0.01,0.015,0.123610526123024
5,700,100,37.3092,1.59258285714286,110.615,0.46176071534237,0.245811111111111,1.90918631509227,vapor,0.025,0.025,0.05,0.203408217691995
5,700,200,105.364,2.77529714285714,263.563,0.49619851750982,0.585695555555555,1.98044888035726,vapor,0.07,0.06,0.13,0.221958317366247
5,700,500,503.739,19.7010714285714,696.645,0.50805314013002,1.5481,2.25183506800796,supercritical,0.18,0.245,0.425,0.274530069116982
5,700,1000,646.845,27.2796285714286,822.337,0.00812552468673,1.82741555555556,2.31690080328174,supercritical,0.25,0.22,0.47,0.257193826861736
5,700,2000,759.868,33.9246428571429,928.515,0.00724353670843,2.06336666666667,2.34871266894957,supercritical,0.29,0.305,0.595,0.288363677485016
5,700,5000,912.044,43.5290571428571,1070.655,0.0133802105221799,2.37923333333333,2.42554269028268,supercritical,0.295,0.3,0.595,0.250080558162994
5,800,1,1.32042,1.00109428571429,6.84,0.33119688674511,0.0152,1.85557083316178,vapor,0,0,0,0
5,800,2,1.58587,1.00365285714286,6.126,0.3335664899313,0.0136133333333333,1.85566428946903,vapor,0,0,0,0
5,800,5,2.37438,1.01544428571429,8.054,0.33740337878606,0.0178977777777778,1.85598281415813,vapor,0,0,0,0
5,800,10,3.63427,1.03673714285714,10.619,0.35859080377029,0.0235977777777778,1.85606659363729,vapor,0,0,0,0
5,800,20,6.18139,1.08539857142857,16.311,0.34156622796265,0.0362466666666667,1.85678100517876,vapor,0.005,0,0.005,0.137943718962663
5,800,50,14.5877,1.22216857142857,33.749,0.37697235490987,0.0749977777777778,1.86687498807706,vapor,0.005,0.005,0.01,0.133337284067676
5,800,100,29.7763,1.49163857142857,65.437,0.41482827796956,0.145415555555556,1.87717098071236,vapor,0.015,0.02,0.035,0.240689518162507
5,800,200,61.2631,2.12475714285714,121.523,0.0089116591373201,0.270051111111111,1.91921517751348,vapor,0.01,0.035,0.045,0.16663512256939
5,800,500,232.175,7.07822571428572,354.697,0.0072036662056098,0.788215555555556,2.07936804719134,supercritical,0.09,0.135,0.225,0.285454909401545
5,800,1000,487.406,17.6389714285714,600.07,0.0087432633235899,1.33348888888889,2.21749159036391,supercritical,0.145,0.165,0.31,0.232472878164214
5,800,2000,658.454,25.8236571428571,759.603,0.0048100060184801,1.68800666666667,2.28803918127893,supercritical,0.195,0.235,0.43,0.254738330417336
5,800,5000,847.344,36.1478714285714,942.741,0.01351941890681,2.09498,2.36951591165213,supercritical,0.24,0.27,0.51,0.243439078177357
5,900,1,1.35884,1.00080571428571,5.974,0.25168331821734,0.0132755555555556,1.85578395591865,vapor,0,0,0,0
5,900,2,1.53304,1.00288285714286,5.483,0.25006945950299,0.0121844444444444,1.85514148190186,vapor,0,0,0,0
5,900,5,2.11861,1.01192428571429,6.196,0.26593601216799,0.0137688888888889,1.85597281865529,vapor,0,0,0,0
5,900,10,3.30506,1.03259571428571,8.569,0.32593394735429,0.0190422222222222,1.85541196173921,vapor,0,0,0,0
5,900,20,5.68044,1.07431285714286,12.754,0.3447971740684,0.0283422222222222,1.85309817773399,vapor,0,0,0,0
5,900,50,12.839,1.20285857142857,23.986,0.0081609148633601,0.0533022222222222,1.85537228304988,vapor,0.005,0,0.005,0.0938047194196615
5,900,100,25.4257,1.41233428571429,44.361,0.0083890506275199,0.09858,1.87094496057863,vapor,0.015,0.005,0.02,0.202880908906472
5,900,200,50.1518,1.88788142857143,80.695,0.0067194875154199,0.179322222222222,1.89389433504779,vapor,0.03,0.025,0.055,0.306710452940083
5,900,500,155.427,4.45578571428572,217.234,0.00448560045971,0.482742222222222,1.98838747421373,supercritical,0.045,0.03,0.075,0.155362420247291
5,900,1000,351.307,11.4447142857143,416.862,0.0017112694895999,0.92636,2.11067605251633,supercritical,0.1,0.11,0.21,0.22669372598126
5,900,2000,560.929,20.4096428571429,609.617,0.01222088394189,1.35470444444444,2.211821466419,supercritical,0.14,0.175,0.315,0.232523043156606
5,900,5000,784.648,31.2050142857143,827.07,0.0334398901769899,1.83793333333333,2.31554310720491,supercritical,0.29,0.245,0.535,0.291087816025246
5,1000,1,1.31801,1.00060714285714,5.098,0.0700255555511997,0.0113288888888889,1.856,vapor,0,0,0,0
5,1000,2,1.54276,1.00212857142857,4.978,0.15173868353646,0.0110622222222222,1.85594207873733,vapor,0,0,0,0
5,1000,5,2.05621,1.01012428571429,5.88,0.19617689556447,0.0130666666666667,1.85499743708376,vapor,0,0,0,0
5,1000,10,3.07048,1.02711714285714,6.972,0.21220581082461,0.0154933333333333,1.85539671127369,vapor,0,0,0,0
5,1000,20,5.11271,1.06310714285714,9.856,0.26085141123739,0.0219022222222222,1.85344003943989,vapor,0,0,0,0
5,1000,50,11.5469,1.17232857142857,18.339,0.00807083316178,0.0407533333333333,1.85912184115946,vapor,0.005,0.01,0.015,0.368068051693113
5,1000,100,21.6633,1.36494142857143,30.856,0.0079642894690301,0.0685688888888889,1.86401376861254,vapor,0.005,0,0.005,0.0729193673839772
5,1000,200,45.873,1.79932857142857,63.465,0.00748281415813,0.141033333333333,1.87622997429231,vapor,0.01,0.01,0.02,0.141810446702907
5,1000,500,117.434,3.52205,142.561,0.0062665936372898,0.316802222222222,1.94088990637574,supercritical,0.035,0.005,0.04,0.12626174058824
5,1000,1000,267.825,7.89454571428571,299.98,0.00438100517876,0.666622222222222,2.02439739149293,supercritical,0.05,0.13,0.18,0.27001800120008
5,1000,2000,476.329,15.8518,487.092,0.0048866465568,1.08242666666667,2.14140516794668,supercritical,0.11,0.14,0.25,0.230962528639353
5,1000,5000,725.829,27.5019285714286,725.533,0.0119760580978399,1.61229555555556,2.2678420731499,supercritical,0.195,0.195,0.39,0.241891133828509
