1,298,1.0,2.7678825761445376,0.2728202804422723
1,298,2.0,2.7625946012692193,0.27015977116503154
1,298,5.0,2.7729916150870455,0.29827906826550615
1,298,10.0,2.7619608691401583,0.30548394904025383
1,298,20.0,2.745874046185794,0.27146176562882807
1,298,50.0,2.751030476728894,0.2800799620928443
1,298,100.0,2.769919888292426,0.2747588159447199
1,298,200.0,2.7655097786489047,0.29487033670949103
1,298,500.0,2.7253374127566485,0.2903708061622524
1,298,1000.0,2.759812396756126,0.3163955236222721
1,298,2000.0,2.774838601589978,0.31130632270138603
1,298,5000.0,2.771707465948614,0.2929485614190697
1,400,1.0,2.658185537624114,0.32809930731520776
1,400,2.0,2.601273239118415,0.24409125304967816
1,400,5.0,2.617056121869345,0.2731133353523227
1,400,10.0,2.6456225463554905,0.31313761669396384
1,400,20.0,2.5680261300571305,0.2730531044733984
1,400,50.0,2.617814665882646,0.2769043430319142
1,400,100.0,2.598018898147578,0.2861200395932265
1,400,200.0,2.5946084123155946,0.2507968995794295
1,400,500.0,2.613546500670765,0.2600151694048946
1,400,1000.0,2.635759931985724,0.27758907438035946
1,400,2000.0,2.6402475140070565,0.3019880658709868
1,400,5000.0,2.6599902508622484,0.3360666243234029
1,500,1.0,1.8559255246867263,0.0013506312306179606
1,500,2.0,1.8557435367084307,0.010006996181370745
1,500,5.0,1.8637802105221812,0.03920963685877176
1,500,10.0,2.5095812852432764,0.27691157673617967
1,500,20.0,2.4864277445175067,0.2721740885504983
1,500,50.0,2.504081084904168,0.25742363833222837
1,500,100.0,2.505718377874582,0.2583939736705109
1,500,200.0,2.516807552098802,0.26786652064057154
1,500,500.0,2.5367569965464316,0.2719074893971655
1,500,1000.0,2.504594171700482,0.2712107821252164
1,500,2000.0,2.5336006847005783,0.30957733425174283
1,500,5000.0,2.5951254336576897,0.2884097156445912
1,600,1.0,1.8566116591373167,0.01060407987497484
1,600,2.0,1.85530366620561,0.002422352860990854
1,600,5.0,1.8581432633235864,0.01931519035686556
1,600,10.0,1.856510006018475,0.025894708406245394
1,600,20.0,1.8699194189068147,0.050348651747584905
1,600,50.0,2.343594959719706,0.22933175369251188
1,600,100.0,2.38787816443116,0.2733439420616484
1,600,200.0,2.39328331821734,0.25910594283247057
1,600,500.0,2.395169459502989,0.27808312830798576
1,600,1000.0,2.413836012167992,0.2909928568014444
1,600,2000.0,2.4766339473542938,0.29156961847886254
1,600,5000.0,2.499197174068404,0.2650094805333847
1,700,1.0,1.855660914863361,0.0018254845382705562
1,700,2.0,1.8562890506275176,0.009042687669217873
1,700,5.0,1.8556194875154222,0.015109080280526358
1,700,10.0,1.8549856004597063,0.02209590007405422
1,700,20.0,1.8556112694895988,0.02674532997115485
1,700,50.0,1.876720883941893,0.06759209269007578
1,700,100.0,1.9184398901769877,0.10631871281390025
1,700,200.0,2.0026255555512,0.15785193478675166
1,700,500.0,2.266638683536464,0.20791632557062173
1,700,1000.0,2.329976895564472,0.24670256718425412
1,700,2000.0,2.354005810824614,0.260774190277529
1,700,5000.0,2.4096514112373857,0.2723659461747559
1,800,1.0,1.855570833161783,0.002524468688228685
1,800,2.0,1.8556642894690267,0.0029878748877259233
1,800,5.0,1.8559828141581298,0.012049274238754267
1,800,10.0,1.856066593637293,0.022420277092275974
1,800,20.0,1.856781005178761,0.03647770480614187
1,800,50.0,1.865286646556802,0.0479589147115411
1,800,100.0,1.8863760580978393,0.07375098084296239
1,800,200.0,1.9283912049561165,0.11524765270778926
1,800,500.0,2.0677477017698025,0.18590725583429196
1,800,1000.0,2.2059530202862065,0.2190486803319062
1,800,2000.0,2.2715251074343015,0.24676569654832764
1,800,5000.0,2.3655746470466696,0.27986463952780116
1,900,1.0,1.85578395591865,0.002609284324930138
1,900,2.0,1.855141481901863,0.005831714690487623
1,900,5.0,1.8559728186552922,0.015176338873446353
1,900,10.0,1.8554119617392086,0.013464179198880512
1,900,20.0,1.8530981777339854,0.020371408595690397
1,900,50.0,1.853360288335105,0.029189079995980742
1,900,100.0,1.8761528460246364,0.0628612641090818
1,900,200.0,1.8893762095863103,0.08350998580470609
1,900,500.0,1.9795904815683878,0.1992459834258659
1,900,1000.0,2.116576388648312,0.20905356895402163
1,900,2000.0,2.223126122768611,0.22970692981675483
1,900,5000.0,2.329522753161736,0.276280263172135
1,1000,1.0,1.8560000000000005,4.440892098500626e-16
1,1000,2.0,1.8559420787373262,0.0025481216907498713
1,1000,5.0,1.8549974370837632,0.012896097970601521
1,1000,10.0,1.8553967112736882,0.011089827236912448
1,1000,20.0,1.8534400394398887,0.018359440343538824
1,1000,50.0,1.8591218411594594,0.03856515604871045
1,1000,100.0,1.870348955408465,0.06668369877020683
1,1000,200.0,1.8820094906121851,0.06658267284195277
1,1000,500.0,1.9460598747919733,0.12014560871368811
1,1000,1000.0,2.0394591456966014,0.1636404367550385
1,1000,2000.0,2.1506942183815987,0.20905918757353253
1,1000,5000.0,2.2471920386761584,0.23819235728067173
2,298,1.0,2.691365807747674,0.2531397180678878
2,298,2.0,2.738287202386175,0.2641626713162473
2,298,5.0,2.7532716847441945,0.2963285277530045
2,298,10.0,2.7757368524526544,0.2952530184940396
2,298,20.0,2.7635813965529312,0.28665321430215324
2,298,50.0,2.764700044037148,0.27685448636852045
2,298,100.0,2.739934388158417,0.27556714731700765
2,298,200.0,2.762460600365227,0.2656212758349326
2,298,500.0,2.7439333512186908,0.286703680140878
2,298,1000.0,2.802864585234585,0.33684552819080443
2,298,2000.0,2.788147636547366,0.32061884368996224
2,298,5000.0,2.748409240957271,0.28502217046026274
2,400,1.0,2.636464609779622,0.28945022871008724
2,400,2.0,2.5830820049254664,0.2627467315875087
2,400,5.0,2.612820661476187,0.2996393485821099
2,400,10.0,2.6445683520970222,0.2828528391724415
2,400,20.0,2.5818802349017322,0.25880539282851894
2,400,50.0,2.6296403998555586,0.2697234569290807
2,400,100.0,2.628040565952746,0.30498127858625756
2,400,200.0,2.6335713242913723,0.28479175130990336
2,400,500.0,2.652188218426744,0.28886425733675913
2,400,1000.0,2.612098614421533,0.28020559716356946
2,400,2000.0,2.657388690635831,0.2927690612908141
2,400,5000.0,2.707878330371295,0.28926822194232293
2,500,10.0,2.501957327285943,0.24441563493784665
2,500,20.0,2.504753997236777,0.2596216884550272
2,500,50.0,2.4782103049739836,0.2517400635801137
2,500,100.0,2.4711363832365474,0.27767465356362725
2,500,200.0,2.4956493312393975,0.24916520822940325
2,500,500.0,2.4997855542495695,0.2660773812632664
2,500,1000.0,2.499017345783955,0.2668148748193747
2,500,2000.0,2.526840914844174,0.25783651385315104
2,500,5000.0,2.5517045329741053,0.29982689166559207
2,600,50.0,2.3594616841355207,0.2428756474404204
2,600,100.0,2.3244561091064497,0.2588571893811393
2,600,500.0,2.4163655627115372,0.2558730162312808
2,600,2000.0,2.4648522870925245,0.27631016385663154
2,600,5000.0,2.5060143132533637,0.2944397610860289
2,700,50.0,1.8669387088441547,0.053450094065218556
2,700,100.0,1.8981585260680465,0.08224225677080992
2,700,500.0,2.251830192011303,0.22607671222126705
2,700,5000.0,2.4161940105333697,0.2416461759087794
2,800,50.0,1.8684633295973236,0.05556116428117175
2,800,100.0,1.8711185661778467,0.05384514777654129
2,800,500.0,2.0870756755329705,0.18742520725767217
2,800,5000.0,2.34608298139254,0.2484235820930596
2,900,50.0,1.8573842777646512,0.041855221753093565
2,900,100.0,1.874002702216041,0.061068110304728175
2,900,200.0,1.8914352597671718,0.08446108496236115
2,900,500.0,1.9864171217462212,0.14777913968200754
2,900,2000.0,2.2077300614481663,0.23313130235635757
2,900,5000.0,2.334669927931217,0.2807475621375703
2,1000,100.0,1.8573791771606956,0.04383189936127926
2,1000,200.0,1.874672273276052,0.06807027976884743
2,1000,500.0,1.9391319877677808,0.1170871950461851
2,1000,2000.0,2.1271991536314867,0.21437717002744097
2,1000,5000.0,2.26748052686499,0.2511485046464644
3,298,1.0,2.7244512497857523,0.2853646432851636
3,298,2.0,2.789134923401976,0.263634830973004
3,298,5.0,2.7142121390128557,0.2911316175887715
3,298,10.0,2.776678938186237,0.2978949044254446
3,298,20.0,2.7690121000594337,0.28669029166463483
3,298,50.0,2.7521990668323055,0.27339458116159376
3,298,100.0,2.7605703511562525,0.25905307095724767
3,298,200.0,2.7501817146474163,0.31133246933875613
3,298,500.0,2.75024075383096,0.25890761938775153
3,298,1000.0,2.7709545583817317,0.30303928889063975
3,298,2000.0,2.765931969386858,0.279175419379767
3,298,5000.0,2.7852451660229143,0.3130039276517179
3,400,1.0,2.6111745125396117,0.24899637022152213
3,400,2.0,2.6257637098434303,0.297680118260886
3,400,5.0,2.5974658356463487,0.3129756380498165
3,400,10.0,2.629108960927119,0.29727716933004816
3,400,20.0,2.616664738247086,0.2968929732915599
3,400,50.0,2.6486992920594936,0.28374771660643533
3,400,100.0,2.6250684522474956,0.2971220178457003
3,400,200.0,2.594824416288818,0.2886253924013666
3,400,500.0,2.6230737266768993,0.2964911411965651
3,400,1000.0,2.621923599619856,0.2919608439477864
3,400,2000.0,2.6769593478865783,0.3576548862006738
3,400,5000.0,2.645290839156522,0.3150703587794244
3,500,10.0,2.4919636845772994,0.2624985816207441
3,500,20.0,2.4555902437653745,0.27418408320075743
3,500,50.0,2.4741992703571647,0.261839298314633
3,500,100.0,2.4870447086827854,0.2511196565640285
3,500,200.0,2.4635532530199713,0.23826850714388667
3,500,500.0,2.505129860514869,0.26131949602873433
3,500,1000.0,2.4893871664035134,0.23485188073468857
3,500,2000.0,2.542075465184867,0.28586649847267503
3,500,5000.0,2.574954867276899,0.3172871368606749
3,600,50.0,1.8684633295973236,0.05556116428117175
3,600,100.0,2.3546095854491056,0.22082895101610933
3,600,200.0,2.3464243626221144,0.2194795709646982
3,600,500.0,2.385765511163241,0.2438149666132029
3,600,1000.0,2.4197113353232043,0.26288565399479147
3,600,2000.0,2.425532516913074,0.25603561334690744
3,600,5000.0,2.49596883611911,0.28646657320134705
3,700,100.0,1.912081922750211,0.1005262622826207
3,700,200.0,1.9551656529361368,0.12488049578110685
3,700,500.0,2.228825661514082,0.23170056994710228
3,700,1000.0,2.3025805091167073,0.24772507572905583
3,700,2000.0,2.3060703533287787,0.22156484227920625
3,700,5000.0,2.4455676482612136,0.30525472457724295
3,800,100.0,1.8784199818211293,0.06228316841076444
3,800,200.0,1.920144351409819,0.09945372283214342
3,800,500.0,2.0733287115088013,0.17962712843619857
3,800,1000.0,2.223367893495759,0.23207515444015606
3,800,2000.0,2.292994151390072,0.2536534328208313
3,800,5000.0,2.390343807895009,0.29747724187516866
3,900,100.0,1.8663296259138582,0.049286477875383615
3,900,200.0,1.90454495578485,0.09060061350082181
3,900,500.0,1.9947180984558799,0.1465049894691336
3,900,1000.0,2.1027302588217305,0.2173437901153837
3,900,2000.0,2.2032412251130307,0.20552598518442453
3,900,5000.0,2.316947383321444,0.25591799150143374
3,1000,100.0,1.8628411076871556,0.04624359938019906
3,1000,200.0,1.8750244339032678,0.06743765913896496
3,1000,500.0,1.9254220359352427,0.10278341049414261
3,1000,1000.0,2.028313478651279,0.163849686972408
3,1000,2000.0,2.1464444260801088,0.2042587618711567
3,1000,5000.0,2.2716310743089436,0.27137374738903436
4,298,1.0,2.7434008952075875,0.2651930771664147
4,298,2.0,2.7432870942027474,0.2704215166554579
4,298,5.0,2.7657987402885933,0.2673971665482324
4,298,10.0,2.737930235961212,0.28621721152403456
4,298,20.0,2.7748820081313297,0.26213014248096866
4,298,50.0,2.7536596450841184,0.28652979286670055
4,298,100.0,2.778302027026764,0.2957597054371786
4,298,200.0,2.760087007786525,0.264424559918995
4,298,500.0,2.759572097068106,0.27502821858800863
4,298,1000.0,2.749406346504709,0.2654123520038687
4,298,2000.0,2.762554576323755,0.31103022915019185
4,298,5000.0,2.78265970612567,0.3319003131174367
4,400,1.0,2.5996015060983484,0.2850038703263884
4,400,2.0,2.6114888937856073,0.28711353587910343
4,400,5.0,2.597413775104801,0.26154891675883246
4,400,10.0,2.595284831610988,0.2539377514061824
4,400,20.0,2.633002668694408,0.2602653123104093
4,400,50.0,2.6158312951181575,0.2573948521993196
4,400,100.0,2.5594508101191367,0.27554910106439456
4,400,200.0,2.6203416600673166,0.28169985609568915
4,400,500.0,2.638203128057214,0.27409998587846274
4,400,1000.0,2.62141648418185,0.2769655666787569
4,400,2000.0,2.6639735320872306,0.2771993925349008
4,400,5000.0,2.6956529166535312,0.3011225223631976
4,500,10.0,2.5058456328302636,0.27230516502596125
4,500,20.0,2.4850722883542993,0.25375519467924845
4,500,50.0,2.4764576922078807,0.2712056791078824
4,500,100.0,2.5135106683374073,0.27058926167428243
4,500,200.0,2.4679043843283597,0.24298667376008806
4,500,500.0,2.5319230723090898,0.27605851096473966
4,500,1000.0,2.5535432661166397,0.33740912670427214
4,500,2000.0,2.501154895489725,0.24862529432760014
4,500,5000.0,2.5972117879968475,0.2998050863093927
4,600,50.0,1.8684633295973236,0.05556116428117175
5,298,1.0,2.7420951159294646,0.28217087826783566
5,298,2.0,2.7762973159870596,0.317114729892363
5,298,5.0,2.7644631206991157,0.28380142664973695
5,298,10.0,2.741455312180021,0.28154805027833774
5,298,20.0,2.755799581041016,0.2982195894414991
5,298,50.0,2.7438943564578744,0.2651395570173987
5,298,100.0,2.712715176189895,0.2943745217761129
5,298,200.0,2.7445109601638102,0.3430357586715673
5,298,500.0,2.7585479551040883,0.27431790188475397
5,298,1000.0,2.7744520343941614,0.32381271890133817
5,298,2000.0,2.769600502404588,0.299729571875366
5,298,5000.0,2.7862489847198355,0.3782126236369971
5,400,1.0,2.5995431687422657,0.2687573032274599
5,400,2.0,2.6492642913264204,0.2910617522195608
5,400,5.0,2.624268547526861,0.29163660137955216
5,400,10.0,2.6108809920182083,0.29890454570777447
5,400,20.0,2.635671492830724,0.292613953726548
5,400,50.0,2.6040884134813655,0.28823236516960227
5,400,100.0,2.6137840021953487,0.27135731114849326
5,400,200.0,2.6149686909349588,0.2946899554625422
5,400,500.0,2.627494752238769,0.2686188542420594
5,400,1000.0,2.5990589431830036,0.2504480840282685
5,400,2000.0,2.646425168870996,0.28771059831433576
5,400,5000.0,2.6647194108489405,0.3362993010946361
5,500,10.0,2.4925786463723325,0.2644154625488199
5,500,20.0,2.515483328802461,0.2623351983761231
5,500,50.0,2.4896594557093708,0.2768892702612468
5,500,100.0,2.5023410353721807,0.2535062249806495
5,500,200.0,2.5072477385178633,0.28033796675827716
5,500,500.0,2.4904790717110763,0.27051518809348646
5,500,1000.0,2.537125471910373,0.29219870403650505
5,500,2000.0,2.5541854680437996,0.2687118888609901
5,500,5000.0,2.587910481752307,0.3118939482853462
5,600,50.0,1.8684633295973236,0.05556116428117175
6,298,1.0,2.7244512497857523,0.2853646432851636
6,298,2.0,2.789134923401976,0.263634830973004
6,298,5.0,2.7142121390128557,0.2911316175887715
6,298,10.0,2.776678938186237,0.2978949044254446
6,298,20.0,2.7690121000594337,0.28669029166463483
6,298,50.0,2.7521990668323055,0.27339458116159376
6,298,100.0,2.7605703511562525,0.25905307095724767
6,298,200.0,2.7501817146474163,0.31133246933875613
6,298,500.0,2.75024075383096,0.25890761938775153
6,298,1000.0,2.7709545583817317,0.30303928889063975
6,298,2000.0,2.765931969386858,0.279175419379767
6,298,5000.0,2.7852451660229143,0.3130039276517179
6,400,2.0,2.6257637098434303,0.297680118260886
6,400,5.0,2.5974658356463487,0.3129756380498165
6,400,20.0,2.616664738247086,0.2968929732915599
6,400,50.0,2.6486992920594936,0.28374771660643533
6,400,200.0,2.594824416288818,0.2886253924013666
6,400,500.0,2.6230737266768993,0.2964911411965651
6,400,2000.0,2.6769593478865783,0.3576548862006738
6,400,5000.0,2.645290839156522,0.3150703587794244
6,500,10.0,2.4919636845772994,0.2624985816207441
6,500,20.0,2.4555902437653745,0.27418408320075743
6,500,50.0,2.4741992703571647,0.261839298314633
6,500,100.0,2.4870447086827854,0.2511196565640285
6,500,200.0,2.4635532530199713,0.23826850714388667
6,500,500.0,2.505129860514869,0.26131949602873433
6,500,1000.0,2.4893871664035134,0.23485188073468857
6,500,2000.0,2.542075465184867,0.28586649847267503
6,500,5000.0,2.574954867276899,0.3172871368606749
6,600,50.0,1.8684633295973236,0.05556116428117175
6,600,100.0,2.351906331099718,0.2644661365253332
6,600,200.0,2.352164434124211,0.27543636203540156
6,600,500.0,2.3697323756865454,0.2351058187072562
6,600,1000.0,2.4327077482306296,0.2814730604572129
6,600,2000.0,2.460162784836916,0.3077856668573549
6,600,5000.0,2.5211713336978914,0.34034245451609185
6,700,100.0,1.9080649213738508,0.10704940839811809
6,700,200.0,1.9835554325844458,0.1536362736193753
6,700,500.0,2.26004573496999,0.21938515824506052
6,700,1000.0,2.31814500516405,0.24878377145742
6,700,2000.0,2.386061842695329,0.2818681479606254
6,700,5000.0,2.4307576910987545,0.30898157687079886
6,800,100.0,1.8727693167526092,0.06914335358137685
6,800,200.0,1.9091099761744907,0.09161183358491976
6,800,500.0,2.0893200999537846,0.19166452422220082
6,800,1000.0,2.223153857309758,0.21167212548344072
6,800,2000.0,2.2995982850124204,0.2642246422660408
6,800,5000.0,2.3760622102743145,0.2559058961989495
6,900,100.0,1.867294668159988,0.05709482579767698
6,900,200.0,1.8902209150528466,0.07785856393581446
6,900,500.0,1.9928241950844168,0.14442740652934385
6,900,1000.0,2.1127215100789387,0.18156628847189718
6,900,2000.0,2.2131884563462005,0.21186029109044124
6,900,5000.0,2.2810323644052333,0.2551365557602614
6,1000,100.0,1.865485834193853,0.04370592500345868
6,1000,200.0,1.8732136993777175,0.0549933100106454
6,1000,500.0,1.9529457270079533,0.11821316538565227
6,1000,1000.0,2.005419550130912,0.14526315067869677
6,1000,2000.0,2.1412828736935205,0.22357419478857035
6,1000,5000.0,2.285064652749506,0.2653765764527176
