config,dipole_l,dipole_m,dipole_h,muL_SCEE,delta_mu,mu_liquid
134,2.3086,2.602,2.9136,2.4668737514914025,0.8882896748555889,2.578289674855589
136,2.4561,2.9222,3.2554,2.979795439859685,1.4015265597234594,3.0915265597234596
104,2.3735,2.7138,3.1145,2.6319376220651844,1.0534549791479935,2.7434549791479936
50,2.4707,2.7827,3.126,2.7725428918510886,1.194146652550405,2.884146652550405
176,2.2656,2.4778,2.7176,2.341859952690589,0.7631990535832835,2.4531990535832833
56,2.4532,2.8005,3.213,2.8065341055474042,1.2281587542532464,2.9181587542532466
70,2.3037,2.5518,2.8291,2.419619444077477,0.8410063291057439,2.531006329105744
40,2.6429,3.0208,3.4402,3.321197432774963,1.7431383482382599,3.43313834823826
75,2.1365,2.3606,2.751,2.153830263371689,0.5750538177760289,2.265053817776029
190,2.2385,2.5185,2.8377,2.3369289617918394,0.7582650325317719,2.448265032531772
78,2.3633,2.6259,2.9165,2.52463347004318,0.9460848874438199,2.63608488744382
51,2.2634,2.5512,2.8688,2.3844831411876157,0.8058484345383798,2.49584843453838
29,2.2802,2.5573,2.8514,2.4066773550689917,0.8280562870290897,2.51805628702909
110,2.0886,2.3309,2.6089,2.0968012029936878,0.517989712359743,2.207989712359743
37,2.3393,2.6393,2.982,2.5207014186105736,0.9421504197186763,2.632150419718676
7,2.2678,2.5025,2.7487,2.3603209253567483,0.7816713707374909,2.471671370737491
165,2.344,2.6445,2.9631,2.5342818010987123,0.9557391475139456,2.645739147513946
65,2.452,2.7826,3.1306,2.7716633437341347,1.1932665639406352,2.8832665639406354
41,2.7733,3.2256,3.7006,4.091338110295852,2.513752286397663,4.203752286397663
116,2.5792,2.9419,3.3294,3.1041775846845936,1.5259851388609522,3.215985138860952
77,2.2282,2.4835,2.7542,2.3113972849772995,0.7327176661970907,2.422717666197091
52,2.3766,2.6865,3.026,2.6003157896471087,1.0218137147364674,2.7118137147364676
69,2.1855,2.4254,2.6916,2.2389545607124517,0.6602304250135267,2.3502304250135264
164,2.4189,2.7277,3.0504,2.676031415083413,1.0975758683283223,2.7875758683283225
74,1.9268,2.0391,2.1666,1.9030217399014255,0.32409116947451455,2.0140911694745145
172,2.3679,2.6684,2.9865,2.575501536472211,0.996984212906818,2.686984212906818
138,2.5114,2.8904,3.3099,3.0114269308802846,1.4331774886728355,3.1231774886728356
85,2.53,2.8215,3.1264,2.8400468078876537,1.261692050549082,2.951692050549082
167,2.32,2.5761,2.8446,2.4540403320388164,0.8754483691135733,2.5654483691135734
145,2.4493,2.801,3.218,2.8077530876784778,1.229378485463389,2.9193784854633886
197,2.3203,2.635,3.001,2.5012114148701428,0.9226484391383198,2.6126484391383196
133,2.2031,2.4269,2.6685,2.259909990950046,0.6811987326131199,2.37119873261312
151,2.227,2.4163,2.6093,2.2818573596408394,0.7031595882239314,2.3931595882239316
127,2.6382,3.0364,3.4922,3.4378317351561165,1.85984432379034,3.5498443237903397
192,2.6047,2.9661,3.3547,3.156583726073036,1.5784234844487826,3.2684234844487827
45,2.3396,2.6015,2.8842,2.4879840786767895,0.9094129745889983,2.599412974588998
80,2.5622,2.8948,3.198,2.955310970152921,1.3770270440178212,3.067027044017821
186,2.7021,3.1227,3.5649,3.6411202157449156,2.063257727576854,3.753257727576854
6,2.0278,2.1832,2.3503,2.016762416090068,0.4379017406662513,2.1279017406662515
183,2.582,2.9206,3.2851,3.0418282224869424,1.4635974622360466,3.1535974622360463
4,2.0709,2.2255,2.3885,2.071030959716217,0.492203632960192,2.182203632960192
42,2.585,2.9053,3.2493,3.0003655457419542,1.422109306181312,3.1121093061813117
90,2.2466,2.4898,2.7556,2.3316862252667314,0.7530190742824934,2.4430190742824935
12,2.5767,2.9078,3.0311,2.858398413208962,1.2800549331508997,2.9700549331509
32,2.2474,2.5041,2.7789,2.3412175158635207,0.7625562219711173,2.4525562219711174
182,1.9645,2.1073,2.2765,1.9419401023023155,0.36303344767361834,2.0530334476736183
10,2.4174,2.7106,3.0214,2.650860189407819,1.0723891746341143,2.762389174634114
15,2.2434,2.5308,2.8909,2.342976973781199,0.7643167610966863,2.4543167610966865
89,2.6945,3.0907,3.5167,3.5120736084295117,1.9341318195809911,3.624131819580991
135,2.2793,2.5879,2.9123,2.4308128729254532,0.8522066364493488,2.5422066364493485
39,2.6059,2.9843,3.4138,3.244952759755697,1.666846821957389,3.3568468219573893
53,2.1715,2.4416,2.744,2.2272104890474314,0.6484791364762941,2.338479136476294
35,2.5087,2.8935,3.3351,3.031145978476899,1.452908653859559,3.1429086538595588
27,2.5529,2.904,3.2854,3.018256252399738,1.4400110068918754,3.130011006891875
63,2.4815,2.7987,3.1354,2.801710474694962,1.2233321592220718,2.9133321592220716
25,2.4704,2.7595,2.9854,2.7072302321930595,1.128793857483463,2.8187938574834632
174,2.7638,3.2108,3.6678,3.932836765028799,2.3551535401621164,4.045153540162117
83,2.4401,2.7982,3.1952,2.801640685219985,1.2232623268606295,2.9132623268606297
66,2.1934,2.4674,2.7968,2.2595938560718976,0.6808824034663157,2.3708824034663154
95,2.4191,2.7579,3.1322,2.722276704860069,1.1438495763875165,2.8338495763875162
195,2.3116,2.5925,2.8905,2.460816830750347,0.8822290320644444,2.5722290320644445
26,2.1294,2.3632,2.6216,2.155618883760715,0.5768435372936322,2.2668435372936324
43,2.1952,2.4328,2.6933,2.2528734483150243,0.6741578659386629,2.3641578659386626
144,2.06,2.2651,2.483,2.0560743288970196,0.47723781111283814,2.1672378111128383
31,2.3736,2.6654,3.004,2.5696070785830343,0.9910861328029139,2.681086132802914
5,2.2295,2.5107,2.8388,2.321709791510633,0.7430365098887759,2.433036509888776
149,2.153,2.4028,2.6696,2.1946111945992715,0.6158598093726002,2.3058598093726
44,2.3929,2.6678,2.9558,2.587870953148502,1.0093612307372946,2.6993612307372947
19,1.9765,2.0722,2.1709,1.9625077346878013,0.3836137191146942,2.073613719114694
159,2.3589,2.663,2.9968,2.5619360733739582,0.983410413669578,2.673410413669578
141,2.2962,2.5913,2.9544,2.4369901372163554,0.8583876967428876,2.5483876967428873
166,2.3377,2.6431,2.996,2.5227891004284997,0.9442393844419976,2.6342393844419973
79,2.1161,2.347,2.6114,2.1354627775202006,0.556675044885256,2.246675044885256
150,2.5424,2.8582,3.1861,2.908936992636537,1.3306245691387468,3.0206245691387466
61,2.2981,2.5737,2.8746,2.4327482407222574,0.8541431935527639,2.544143193552764
185,2.1897,2.3936,2.6131,2.2345114260984067,0.6557845600402292,2.3457845600402294
157,2.4351,2.7622,3.1192,2.7330470303093475,1.154626520330335,2.844626520330335
55,2.3452,2.64,2.9488,2.530934461284517,0.9523897507194816,2.642389750719482
18,2.2323,2.4989,2.7931,2.3215885521600614,0.7429151960351763,2.432915196035176
168,2.4779,2.7982,3.1562,2.800982517334964,1.2226037545235873,2.9126037545235874
109,2.5235,2.8956,3.2998,3.0147768221839475,1.4365294385246876,3.1265294385246873
191,1.9867,2.1789,2.4295,1.963232464339662,0.3843388941215762,2.074338894121576
139,2.3281,2.6138,2.9107,2.493587367029304,0.9150197062290844,2.6050197062290845
114,2.2435,2.511,2.7987,2.3410448945757785,0.7623834946055335,2.4523834946055336
34,2.6495,3.0536,3.475,3.4102601369339056,1.832255782491935,3.5222557824919347
62,2.1582,2.3776,2.6086,2.195141580971129,0.6163905216732137,2.3063905216732135
3,2.339,2.5407,2.8541,2.4232653527379284,0.8446544782205836,2.5346544782205838
162,2.2608,2.5223,2.8009,2.3650766110954535,0.7864299789018452,2.4764299789018454
100,1.7863,1.867,1.9767,1.7606521175918564,0.18163405933275345,1.8716340593327534
1,2.2471,2.518,2.8127,2.3481045476377767,0.7694474859085998,2.4594474859085995
124,2.106,2.317,2.5453,2.11984833620853,0.5410510083130295,2.2310510083130293
87,2.3945,2.7154,3.0211,2.6458159057389667,1.0673417911927403,2.75734179119274
36,2.4724,2.8312,3.238,2.87227065902676,1.2939357036293277,2.983935703629328
72,1.9014,2.1247,2.3895,1.838777247313679,0.2598071978792691,1.949807197879269
67,2.1907,2.4316,2.687,2.248594838499906,0.6698766268667449,2.359876626866745
33,1.9186,2.0838,2.2726,1.8788814313108044,0.2999360263761328,1.9899360263761328
175,2.3114,2.5549,2.8127,2.4306755689424104,0.8520692480913696,2.5420692480913694
119,2.1872,2.4374,2.7092,2.245769539265393,0.6670495914521302,2.35704959145213
148,2.3188,2.5454,2.7753,2.4312177398174493,0.8526117521368823,2.5426117521368825
103,2.5286,2.8604,3.2127,2.9194061611517714,1.3411001710829906,3.031100171082991
14,2.5271,2.84,3.1706,2.8761044872680235,1.297771887803805,2.987771887803805
68,2.3934,2.6855,2.9902,2.6095158214813248,1.0310194001000548,2.7210194001000545
38,2.625,3.0103,3.4193,3.2832494295483436,1.7051670255107212,3.3951670255107214
118,2.4154,2.7086,3.0189,2.6475284949265925,1.0690554327868627,2.7590554327868624
106,2.3661,2.7023,3.0779,2.615174496304698,1.036681552246647,2.7266815522466468
21,2.5486,2.917,3.3082,3.054392998233506,1.4761699591872761,3.1661699591872763
17,2.7819,3.2224,3.6828,3.9968091000630706,2.4191651869598223,4.109165186959823
76,2.2628,2.5478,2.8731,2.3794014859083643,0.8007636565213063,2.490763656521306
170,2.3254,2.6381,3.0299,2.502215104710743,0.9236527457583066,2.6136527457583068
113,2.2312,2.4672,2.7197,2.306176547591047,0.7274937206054009,2.4174937206054006
84,2.1095,2.345,2.6264,2.125919629960184,0.5471260329471594,2.2371260329471596
194,2.4407,2.785,3.1601,2.7751272504109927,1.1967325992294902,2.8867325992294903
73,1.9478,2.1283,2.3408,1.912774635848647,0.33385005869270334,2.0238500586927035
120,2.2238,2.4618,2.7131,2.2966963551592747,0.7180077024822265,2.4080077024822266
59,2.3243,2.5729,2.8357,2.4542004808231743,0.8756086163112704,2.5656086163112706
58,2.7116,3.1092,3.5261,3.5352975548078875,1.957370037351611,3.647370037351611
200,2.3023,2.5881,2.9274,2.442292645874276,0.8636934638556675,2.5536934638556676
49,2.4631,2.7598,3.0738,2.7342415331277037,1.1558217571849305,2.8458217571849307
11,2.112,2.313,2.5457,2.126404054647549,0.5476107553192768,2.2376107553192766
123,2.4704,2.8105,3.1608,2.8245811034145105,1.2462168422159456,2.936216842215946
199,2.2041,2.4774,2.7781,2.2805306504470098,0.701832063751467,2.391832063751467
125,2.5094,2.8592,3.2371,2.924809153127889,1.3465064832621658,3.0365064832621655
154,2.3209,2.6326,2.9219,2.504755737885287,0.9261949401822609,2.616194940182261
187,1.9848,2.1769,2.3871,1.9561692722957567,0.3772713616618557,2.067271361661856
111,2.3592,2.6774,3.0206,2.5806574936071245,1.002143338438931,2.692143338438931
94,2.1278,2.3913,2.709,2.156155696975925,0.5773806803869703,2.26738068038697
8,2.5421,2.9212,3.3264,3.074218969356069,1.496008113605731,3.186008113605731
24,2.5686,2.9126,3.284,3.0300451916983744,1.45180719063442,3.1418071906344203
47,2.289,2.5594,2.8524,2.414632778977616,0.8360165996406594,2.526016599640659
13,2.4469,2.759,3.0868,2.7306176859989497,1.152195683158863,2.842195683158863
177,2.4192,2.7222,3.0425,2.66770224145532,1.0892415763236205,2.7792415763236207
163,2.5042,2.837,3.2199,2.8785952673276234,1.3002641984774808,2.9902641984774805
147,2.0232,2.1539,2.3024,2.0137289708928052,0.43486643138070824,2.124866431380708
131,2.0992,2.342,2.6201,2.1122673580171907,0.5334653715201074,2.223465371520107
121,2.1689,2.4212,2.6974,2.2185321169153647,0.6397954313809697,2.32979543138097
81,2.2987,2.6492,3.0867,2.492077325458625,0.9135087367198371,2.603508736719837
108,2.443,2.7922,3.1676,2.7893619220708192,1.2109760182649525,2.900976018264952
188,2.2017,2.4761,2.7646,2.2793924829318644,0.7006931968187986,2.3906931968187983
91,2.5222,2.8762,3.2426,2.957031830476926,1.378748961831035,3.0687489618310346
143,2.2182,2.4171,2.6253,2.2728260186484026,0.6941226973646593,2.384122697364659
86,2.6661,3.0717,3.5339,3.564017375152746,1.9861075063688627,3.6761075063688624
60,2.5949,2.945,3.3147,3.096336017972719,1.5181387534127386,3.2081387534127384
180,2.4566,2.8016,3.2277,2.809091393442349,1.2307176136321256,2.9207176136321253
96,2.6177,2.9686,3.3323,3.1402820632151744,1.562111804024523,3.2521118040245227
196,2.0825,2.2532,2.451,2.0858586203562566,0.5070404053746735,2.1970404053746737
93,2.0103,2.1826,2.3678,1.9925587167782248,0.4136831678922923,2.1036831678922923
9,2.2196,2.4659,2.7372,2.2923999053761093,0.7137086124793883,2.403708612479388
153,2.8397,3.2883,3.7204,4.038314144007878,2.4606957362495265,4.150695736249526
20,2.0484,2.2394,2.4511,2.041116681951741,0.4622709725149814,2.152270972514981
57,2.7954,3.2284,3.7163,4.314913673820408,2.7374652397745383,4.427465239774538
198,2.3549,2.662,3.0218,2.553997616409708,0.9754670784287722,2.6654670784287724
117,2.4462,2.7925,3.1694,2.789971568961179,1.211586039790603,2.901586039790603
2,2.4129,2.6953,3.0,2.628373688733437,1.0498888557366752,2.739888855736675
184,2.2586,2.5251,2.8064,2.3652512446233773,0.7866047197441566,2.4766047197441567
171,2.4464,2.761,3.0961,2.733474847219339,1.155054600138924,2.8450546001389236
54,2.4835,2.8126,3.1654,2.828250965053174,1.2498889590283884,2.939888959028388
140,2.0891,2.3554,2.7157,2.0973080804907025,0.5184969013390297,2.2084969013390294
169,2.2414,2.539,2.9066,2.3465600682306453,0.7679020574004387,2.457902057400439
132,1.8375,1.9371,2.0384,1.800890254154086,0.22189692271017147,1.9118969227101714
105,2.2454,2.5069,2.79,2.340259835320622,0.7615979529220944,2.4515979529220946
115,2.4287,2.7221,3.0397,2.669563209350653,1.0911036878059368,2.7811036878059365
112,2.6181,2.9661,3.072,2.9266047700375712,1.3483032035998714,3.038303203599871
128,2.1879,2.4553,2.7505,2.25247131762984,0.673755488139373,2.3637554881393728
178,2.4825,2.8236,3.1962,2.851498850713557,1.2731511307919898,2.9631511307919896
48,2.3694,2.6686,3.004,2.573128450614909,0.9946096687599322,2.684609668759932
137,2.309,2.5451,2.7951,2.421734996817242,0.8431231818779177,2.533123181877918
102,2.2567,2.5218,2.8094,2.3599170570682384,0.7812672542670975,2.4712672542670973
130,2.2054,2.4707,2.764,2.278846035574594,0.700146413663105,2.390146413663105
82,2.1879,2.4703,2.7814,2.258413792892072,0.6797016151235813,2.3697016151235815
156,2.4239,2.7532,3.1094,2.7159521968822062,1.1375211819240139,2.8275211819240136
152,2.0639,2.2371,2.5046,2.062537960685199,0.48370541487989915,2.1737054148798993
16,2.3859,2.7109,3.0576,2.639152875963359,1.0606746669058074,2.750674666905807
129,2.4085,2.7173,3.0551,2.655645216470732,1.07717714215327,2.76717714215327
158,2.4185,2.7168,3.0254,2.6607356708101073,1.0822707246375953,2.772270724637595
101,2.3451,2.6659,3.036,2.553485192711441,0.974954339840026,2.664954339840026
28,2.5002,2.7989,3.1099,2.80170401605305,1.2233256966112471,2.9133256966112473
98,2.2246,2.4255,2.6417,2.2815635969939856,0.7028656450564246,2.3928656450564247
155,2.4183,2.7477,3.1095,2.705014483211167,1.1265767468973744,2.8165767468973746
97,2.5137,2.8165,2.951,2.745431253582084,1.1670183538560874,2.8570183538560876
88,2.3466,2.6973,3.1185,2.591851303107577,1.0133440266689278,2.703344026668928
193,2.3287,2.6275,2.9284,2.509515253301707,0.9309573803777125,2.620957380377712
22,2.3927,2.6777,2.9842,2.5981269545523813,1.0196235345764493,2.7096235345764494
71,2.0719,2.2784,2.4974,2.072472879078585,0.4936464383992185,2.1836464383992187
179,2.1468,2.3105,2.6826,2.155188550173746,0.576412939261538,2.2664129392615378
46,2.6045,2.9537,3.3261,3.115554149326352,1.5373686945374707,3.2273686945374704
99,2.4321,2.7095,3.0034,2.654352595654054,1.075883727005672,2.765883727005672
23,2.6108,2.9639,3.3331,3.135209432217352,1.5570360558344067,3.247036055834407
122,2.2004,2.4566,2.7386,2.2675477801994477,0.688841215375178,2.3788412153751777
142,2.1791,2.4334,2.723,2.2331357330880826,0.6544080216501305,2.34440802165013
107,2.4885,2.8467,3.2691,2.9087187625382387,1.3304062049354484,3.0204062049354485
189,2.3133,2.6047,2.9221,2.4713017647207836,0.8927204091519509,2.5827204091519507
64,2.3802,2.6592,2.9688,2.568813027858985,0.9902915941252173,2.680291594125217
173,2.4425,2.7564,3.122,2.722775713435956,1.1443488916101294,2.834348891610129
126,2.4435,2.8028,3.2163,2.811695572595993,1.2333233930849425,2.9233233930849423
161,2.4009,2.6645,2.9424,2.587567302362119,1.009057393353879,2.699057393353879
181,2.2006,2.4122,2.6418,2.2519135439819387,0.6731973717329074,2.363197371732907
160,2.555,2.893,3.2464,2.9833615931882354,1.4050949044957945,3.0950949044957943
92,2.5583,2.8953,3.2753,2.9967654845791993,1.4185070327380036,3.1085070327380038
30,2.422,2.693,2.9779,2.630090457509309,1.051606679487451,2.741606679487451
146,2.2015,2.4526,2.7268,2.267517267568356,0.68881068399371,2.37881068399371
