config,dipole_l,dipole_m,dipole_h,muL_SCEE,delta_mu,mu_liquid,,,,,,,
,2.0704,2.79504,3.51968,,,,,,,,,,
100,1.7863,1.867,1.9767,1.76065211759186,0.181634059332753,1.87163405933275,,,1.73776678529063,,-0.0229867835851497,0.0276136232725283,1.71552448979592
132,1.8375,1.9371,2.0384,1.80089025415409,0.221896922710171,1.91189692271017,,2.18369871550309,,,0.129571728227612,0.00161872964011382,1.56229591836735
72,1.9014,2.1247,2.3895,1.83877724731368,0.259807197879269,1.94980719787927,,2.07093425670362,,,0.115890057723241,0.0395160470968944,1.49207346938776
33,1.9186,2.0838,2.2726,1.8788814313108,0.299936026376133,1.98993602637613,,2.20065267892522,,,0.118640191779957,0.0224717761804025,1.57664081632653
74,1.9268,2.0391,2.1666,1.90302173990143,0.324091169474515,2.01409116947451,,2.08887516551251,,,0.0845543008548073,0.0144733473704288,1.68969795918368
73,1.9478,2.1283,2.3408,1.91277463584865,0.333850058692703,2.0238500586927,,2.13149466488225,,,0.100838248746172,0.0304702049903766,1.60841224489796
182,1.9645,2.1073,2.2765,1.94194010230232,0.363033447673618,2.05303344767362,,2.07650983752643,,,0.0747563322083076,0.0251379191170604,1.7019693877551
187,1.9848,2.1769,2.3871,1.95616927229576,0.377271361661856,2.06727136166186,,,1.94773255394882,,0.181242705737624,0.017234709697682,1.53567755102041
19,1.9765,2.0722,2.1709,1.9625077346878,0.383613719114694,2.07361371911469,,2.41658962349114,,,0.118167050436868,0.00285658171784771,1.71960204081633
191,1.9867,2.1789,2.4295,1.96323246433966,0.384338894121576,2.07433889412158,,,1.93586075298731,,-0.0053228401097684,0.0556081241074362,1.75935306122449
93,2.0103,2.1826,2.3678,1.99255871677822,0.413683167892292,2.10368316789229,,,1.98776642913407,,0.178009573226507,0.0122833013867456,1.58909591836735
147,2.0232,2.1539,2.3024,2.01372897089281,0.434866431380708,2.12486643138071,,2.30889610036198,,,0.0979008295744885,0.0169490515258966,1.74785306122449
6,2.0278,2.1832,2.3503,2.01676241609007,0.437901740666251,2.12790174066625,,,2.01309917463924,,0.160247058637982,0.0111406686996066,1.6482693877551
20,2.0484,2.2394,2.4511,2.04111668195174,0.462270972514981,2.15227097251498,,,2.03515742322613,,0.167679320569029,0.0197104138531498,1.61674693877551
144,2.06,2.2651,2.483,2.05607432889702,0.477237811112838,2.16723781111284,,,2.05270082498603,,0.223736712613946,0.0121880819961509,1.5445306122449
152,2.0639,2.2371,2.5046,2.0625379606852,0.483705414879899,2.1737054148799,,,2.03847573948852,,-0.197861795413685,0.0897918853310147,2.08865510204082
4,2.0709,2.2255,2.3885,2.07103095971622,0.492203632960192,2.18220363296019,,,2.0692474197653,,0.174431441819383,0.00799842880997422,1.67547142857143
71,2.0719,2.2784,2.4974,2.07247287907859,0.493646438399219,2.18364643839922,,,2.06957422362877,,0.227058559126897,0.0119024238243655,1.55077755102041
196,2.0825,2.2532,2.451,2.08585862035626,0.507040405374674,2.19704040537467,,2.49110441362505,,,0.110015219379869,0.0258044548512247,1.74411224489796
110,2.0886,2.3309,2.6089,2.09680120299369,0.517989712359743,2.20798971235974,,,2.0895109388792,,0.168980459262531,0.0339933224423883,1.59302857142857
140,2.0891,2.3554,2.7157,2.0973080804907,0.51849690133903,2.20849690133903,,,2.07574369297094,,-0.0679943538466423,0.0895062271592302,1.84620204081633
131,2.0992,2.342,2.6201,2.11226735801719,0.533465371520107,2.22346537152011,,,2.10617486230495,,0.171523593981641,0.0336124448800087,1.59999591836735
124,2.106,2.317,2.5453,2.11984833620853,0.54105100831303,2.23105100831303,,,2.11734707882004,,0.211030896129705,0.0164729545729218,1.5984693877551
84,2.1095,2.345,2.6264,2.12591962996018,0.547126032947159,2.23712603294716,,2.50243419480843,,,0.112341497650065,0.0437057002830705,1.6895612244898
11,2.112,2.313,2.5457,2.12640405464755,0.547610755319277,2.23761075531928,,2.8887039056855,,,0.130518010913794,0.0301845468185912,1.71238775510204
79,2.1161,2.347,2.6114,2.1354627775202,0.556675044885256,2.24667504488526,,,2.13134497019504,,0.163440762703843,0.0318984958493002,1.64097755102041
75,2.1365,2.3606,2.751,2.15383026337169,0.575053817776029,2.26505381777603,,,2.13703815296645,,-0.461184667066211,0.158349846559361,2.4125612244898
179,2.1468,2.3105,2.6826,2.15518855017375,0.576412939261538,2.26641293926154,,,2.13650617273139,,-0.739579061918429,0.198437209999824,2.82741224489796
26,2.1294,2.3632,2.6216,2.15561888376072,0.576843537293632,2.26684353729363,,,2.1535335645923,,0.208675046525565,0.0234239700863517,1.59695102040816
94,2.1278,2.3913,2.709,2.15615569697593,0.57738068038697,2.26738068038697,,2.5154242381193,,,0.112528782765038,0.0516089097024494,1.67359591836735
149,2.153,2.4028,2.6696,2.19461119459927,0.6158598093726,2.3058598093726,,,2.19434844391074,,0.26596457748478,0.0161872964011374,1.53295918367347
62,2.1582,2.3776,2.6086,2.19514158097113,0.616390521673214,2.30639052167321,,,2.1949843771691,,0.249030060246666,0.0110454493090111,1.59526122448979
121,2.1689,2.4212,2.6974,2.21853211691536,0.63979543138097,2.32979543138097,,,2.21916638791749,,0.237447954452258,0.0227574343521876,1.57973673469388
53,2.1715,2.4416,2.744,2.22721048904743,0.648479136476294,2.33847913647629,,,2.22861557365208,,0.223096000378513,0.0307558631621608,1.57776530612245
142,2.1791,2.4334,2.723,2.23313573308808,0.654408021650131,2.34440802165013,,,2.23498298025875,,0.187393543197802,0.0336124448800091,1.64703877551021
185,2.1897,2.3936,2.6131,2.23451142609841,0.655784560040229,2.34578456004023,,,2.23526428822085,,0.209108759423397,0.0148542249328085,1.69308775510204
69,2.1855,2.4254,2.6916,2.23895456071245,0.660230425013527,2.35023042501353,,,2.24052601058829,,0.209217187647851,0.0250426997264663,1.64498979591837
119,2.1872,2.4374,2.7092,2.24576953926539,0.66704959145213,2.35704959145213,,,2.24732444137693,,0.24520550105668,0.0205673883685042,1.59136326530613
67,2.1907,2.4316,2.687,2.24859483849991,0.669876626866745,2.35987662686675,,,2.24967549091621,,0.265264722581459,0.0138068116362642,1.58231224489796
181,2.2006,2.4122,2.6418,2.25191354398194,0.673197371732907,2.36319737173291,,,2.25327081977621,,0.208615903857677,0.0171394903070869,1.69521224489796
128,2.1879,2.4553,2.7505,2.25247131762984,0.673755488139373,2.36375548813937,,,2.2548807626953,,0.240217802731599,0.0264709905853899,1.57708367346939
43,2.1952,2.4328,2.6933,2.25287344831502,0.674157865938663,2.36415786593866,,,2.25473811195918,,0.221794861685014,0.0218052404462379,1.64252653061225
82,2.1879,2.4703,2.7814,2.25841379289207,0.679701615123581,2.36970161512358,,,2.26128785747116,,0.256748178405827,0.027327965100744,1.53918571428572
66,2.1934,2.4674,2.7968,2.2595938560719,0.680882403466316,2.37088240346632,,2.86065871792042,,,0.12145932561587,0.052751542389589,1.71580816326531
133,2.2031,2.4269,2.6685,2.25990999095005,0.68119873261312,2.37119873261312,,,2.26150046482633,,0.226378418446201,0.0169490515258971,1.66175306122449
146,2.2015,2.4526,2.7268,2.26751726756836,0.68881068399371,2.37881068399371,,,2.26999401718652,,0.239498233605652,0.0219956792274278,1.61135714285714
122,2.2004,2.4566,2.7386,2.26754778019945,0.688841215375178,2.37884121537518,,,2.27035444527374,,0.234027536826165,0.0245666027734911,1.61056326530613
143,2.2182,2.4171,2.6253,2.2728260186484,0.694122697364659,2.38412269736466,,,2.27377868698305,,0.231395688105225,0.00885540332532828,1.70115918367347
130,2.2054,2.4707,2.764,2.27884603557459,0.700146413663105,2.39014641366311,,,2.28247335219533,,0.236393243541619,0.0266614293665793,1.60168571428572
188,2.2017,2.4761,2.7646,2.27939248293186,0.700693196818799,2.3906931968188,,,2.2812403348451,,0.313347711573036,0.0134259340738846,1.49539387755102
199,2.2041,2.4774,2.7781,2.28053065044701,0.701832063751467,2.39183206375147,,,2.28421770100235,,0.25021291360439,0.0260901130230097,1.57422244897959
98,2.2246,2.4255,2.6417,2.28156359699399,0.702865645056425,2.39286564505642,,,2.28333118642097,,0.206358625366682,0.014568566761024,1.73490612244898
151,2.227,2.4163,2.6093,2.28185735964084,0.703159588223931,2.39315958822393,,,2.28227231750673,,0.244091647478157,0.00352311745201222,1.7065306122449
9,2.2196,2.4659,2.7372,2.29239990537611,0.713708612479388,2.40370861247939,,,2.29600740740741,,0.224071854398637,0.0238048476487313,1.65364081632653
120,2.2238,2.4618,2.7131,2.29669635515927,0.718007702482227,2.40800770248223,,,2.29864119391376,,0.266822146169133,0.0126641789491249,1.61708571428571
113,2.2312,2.4672,2.7197,2.30617654759105,0.727493720605401,2.4174937206054,,,2.30880910926539,,0.249237059584267,0.0157111994481626,1.64783265306122
77,2.2282,2.4835,2.7542,2.3113972849773,0.732717666197091,2.42271766619709,,,2.31407100482338,,0.280967100905273,0.0146637861516192,1.58362857142858
18,2.2323,2.4989,2.7931,2.32158855216006,0.742915196035176,2.43291519603518,,,2.32698624167117,,0.240040374727942,0.0262805518041996,1.62266734693878
5,2.2295,2.5107,2.8388,2.32170979151063,0.743036509888776,2.43303650988878,,,2.33142039254903,,0.170774453521747,0.0446578941890202,1.6845
90,2.2466,2.4898,2.7556,2.33168622526673,0.753019074282493,2.44301907428249,,,2.33617634463493,,0.23091268965082,0.0215195822744534,1.67627346938776
190,2.2385,2.5185,2.8377,2.33692896179184,0.758265032531772,2.44826503253177,,,2.34585094422486,,0.204791344667694,0.0373260011132111,1.6545
105,2.2454,2.5069,2.79,2.34025983532062,0.761597952922094,2.45159795292209,,,2.34497951098731,,0.260799451156039,0.0205673883685043,1.61727755102041
114,2.2435,2.511,2.7987,2.34104489457578,0.762383494605534,2.45238349460553,,,2.34553323789072,,0.275565403904992,0.0192343169001751,1.59052040816327
32,2.2474,2.5041,2.7789,2.34121751586352,0.762556221971117,2.45255622197112,,,2.34513966019453,,0.270390420464942,0.0172347096976812,1.61370612244898
176,2.2656,2.4778,2.7176,2.34185995269059,0.763199053583284,2.45319905358328,,,2.34738617038344,,0.164968614957571,0.0262805518042,1.81139591836735
15,2.2434,2.5308,2.8909,2.3429769737812,0.764316761096686,2.45431676109669,,2.29759644982814,,,0.0598030943443856,0.0692244969625102,1.82284897959183
169,2.2414,2.539,2.9066,2.34656006823065,0.767902057400439,2.45790205740044,,2.4670518849952,,,0.0863877235592841,0.0666535734164477,1.77682857142857
1,2.2471,2.518,2.8127,2.34810454763778,0.7694474859086,2.4594474859086,,,2.35369142374313,,0.263579156546695,0.0226622149615928,1.60424285714286
102,2.2567,2.5218,2.8094,2.35991705706824,0.781267254267098,2.4712672542671,,,2.36548361105534,,0.261597877172504,0.0214243628838587,1.62325102040817
7,2.2678,2.5025,2.7487,2.36032092535675,0.781671370737491,2.47167137073749,,,2.3629608597176,,0.270607276913856,0.0109502299184165,1.66059591836735
162,2.2608,2.5223,2.8009,2.36507661109545,0.786429978901845,2.47642997890185,,,2.36936441188764,,0.281647241585968,0.0162825157917325,1.60788163265306
184,2.2586,2.5251,2.8064,2.36525124462338,0.786604719744157,2.47660471974416,,,2.36899742349618,,0.299202756836893,0.0140924698080488,1.57872244897959
76,2.2628,2.5478,2.8731,2.37940148590836,0.800763656521306,2.49076365652131,,,2.39115513282001,,0.20659519603823,0.0383734144097549,1.67057551020408
51,2.2634,2.5512,2.8688,2.38448314118762,0.80584843453838,2.49584843453838,,,2.39332855540282,,0.259104028009969,0.0283753783972874,1.60531836734694
29,2.2802,2.5573,2.8514,2.40667735506899,0.82805628702909,2.51805628702909,,,2.4120005952381,,0.303638456928369,0.0161872964011369,1.58215918367347
47,2.289,2.5594,2.8524,2.41463277897762,0.836016599640659,2.52601659964066,,,2.4218625607682,,0.268448569536006,0.021519582274453,1.64095918367347
70,2.3037,2.5518,2.8291,2.41961944407748,0.841006329105744,2.53100632910574,,,2.42874075998326,,0.207097908715263,0.0278040620537182,1.75574081632653
137,2.309,2.5451,2.7951,2.42173499681724,0.843123181877918,2.53312318187792,,,2.42593137454405,,0.261420449168847,0.0132354952926948,1.71102040816327
3,2.339,2.5407,2.8541,2.42326535273793,0.844654478220584,2.53465447822058,,,2.45822230976186,,-0.239143377598333,0.106360059294531,2.37820408163265
175,2.3114,2.5549,2.8127,2.43067556894241,0.85206924809137,2.54206924809137,,,2.43519921798632,,0.269779279563448,0.0136163728550744,1.69448163265306
135,2.2793,2.5879,2.9123,2.43081287292545,0.852206636449349,2.54220663644935,,,2.43662011401317,,0.352667728606121,0.0150446637139989,1.48464693877552
148,2.3188,2.5454,2.7753,2.43121773981745,0.852611752136882,2.54261175213688,,,2.43221636213461,,0.297418619688986,0.00314223988963293,1.68955510204082
61,2.2981,2.5737,2.8746,2.43274824072226,0.854143193552764,2.54414319355276,,,2.44150145206505,,0.263115872314924,0.0240905058205159,1.65007959183673
141,2.2962,2.5913,2.9544,2.43699013721636,0.858387696742888,2.54838769674289,,2.64292274700771,,,0.0922034192347708,0.0647491856045495,1.82775102040817
200,2.3023,2.5881,2.9274,2.44229264587428,0.863693463855668,2.55369346385567,,,2.46250522620463,,0.146545673910984,0.0509423739682853,1.78052448979592
167,2.32,2.5761,2.8446,2.45404033203882,0.875448369113573,2.56544836911357,,,2.45836676616055,,0.295969624325773,0.0118072044337708,1.65661224489796
59,2.3243,2.5729,2.8357,2.45420048082317,0.87560861631127,2.56560861631127,,,2.45908749662359,,0.277280541273697,0.0135211534644793,1.69225918367347
195,2.3116,2.5925,2.8905,2.46081683075035,0.882229032064444,2.57222903206444,,,2.46727939520669,,0.308419155915843,0.0162825157917324,1.60325306122449
134,2.3086,2.602,2.9136,2.4668737514914,0.888289674855589,2.57828967485559,,,2.4740840226781,,0.320572974166478,0.0173299290882772,1.57060000000001
189,2.3133,2.6047,2.9221,2.47130176472078,0.892720409151951,2.58272040915195,,,2.48177195253506,,0.28167681291991,0.024757041554681,1.62399387755102
45,2.3396,2.6015,2.8842,2.48798407867679,0.909412974588998,2.599412974589,,,2.49609970081502,,0.265057723243859,0.0198056332437441,1.70592653061224
81,2.2987,2.6492,3.0867,2.49207732545863,0.913508736719837,2.60350873671984,,2.47617127489738,,,0.0806311705516803,0.0828408698175853,1.77665918367347
139,2.3281,2.6138,2.9107,2.4935873670293,0.915019706229084,2.60501970622908,,,2.49820972600422,,0.342376904393905,0.0106645717466319,1.57352857142857
197,2.3203,2.635,3.001,2.50121141487014,0.92264843913832,2.61264843913832,,,2.52550386426917,,0.196619799388067,0.0488475473751972,1.7038306122449
170,2.3254,2.6381,3.0299,2.50221510471074,0.923652745758307,2.61365274575831,,2.4383326125824,,,0.0650667917862651,0.075318537960586,1.86782857142857
154,2.3209,2.6326,2.9219,2.50475573788529,0.926194940182261,2.61619494018226,,,2.50475573788529,,0.533920291455067,-0.0213291434932632,1.3069
193,2.3287,2.6275,2.9284,2.50951525330171,0.930957380377713,2.62095738037771,,,2.51043128133901,,0.402613711636122,0.00199960720249362,1.48655714285714
37,2.3393,2.6393,2.982,2.52070141861057,0.942150419718676,2.63215041971868,,,2.54077782902295,,0.21617630823581,0.0406586797840337,1.71744285714286
166,2.3377,2.6431,2.996,2.5227891004285,0.944239384441998,2.634239384442,,,2.54565737355348,,0.201390641264233,0.0452292105325895,1.72686326530612
78,2.3633,2.6259,2.9165,2.52463347004318,0.94608488744382,2.63608488744382,,,2.53657579382793,,0.232667255464781,0.0266614293665793,1.7673
55,2.3452,2.64,2.9488,2.53093446128452,0.952389750719482,2.64238975071948,,,2.53733842903541,,0.341962905718701,0.0133307146832895,1.58005714285714
165,2.344,2.6445,2.9631,2.53428180109871,0.955739147513946,2.64573914751395,,,2.54276865900568,,0.330834227044758,0.0172347096976817,1.58516326530612
101,2.3451,2.6659,3.036,2.55348519271144,0.974954339840026,2.66495433984003,,,2.57965520891022,,0.21430345708608,0.0469431595632981,1.70018163265306
198,2.3549,2.662,3.0218,2.55399761640971,0.975467078428772,2.66546707842877,,,2.58113730241911,,0.179645853704694,0.0501806188435259,1.76785918367347
159,2.3589,2.663,2.9968,2.56193607337396,0.983410413669578,2.67341041366958,,,2.57687457911213,,0.282061240261169,0.0282801590066936,1.65369591836735
64,2.3802,2.6592,2.9688,2.56881302785899,0.990291594125217,2.68029159412522,,,2.58347758516522,,0.243253793016432,0.0291371335220475,1.7516693877551
31,2.3736,2.6654,3.004,2.56960707858303,0.991086132802914,2.68108613280291,,,2.59320836264166,,0.185865690944072,0.0445626747984254,1.79776326530613
48,2.3694,2.6686,3.004,2.57312845061491,0.994609668759932,2.68460966875993,,,2.5915748547487,,0.245185786834052,0.0344694193953632,1.71401224489796
172,2.3679,2.6684,2.9865,2.57550153647221,0.996984212906818,2.68698421290682,,,2.58432784064461,,0.333150648203639,0.0167586127447069,1.60630816326531
111,2.3592,2.6774,3.0206,2.58065749360712,1.00214333843893,2.69214333843893,,,2.59397389111709,,0.323293536889252,0.0238048476487315,1.58781224489796
161,2.4009,2.6645,2.9424,2.58756730236212,1.00905739335388,2.69905739335388,,,2.59424159451262,,0.297517190802129,0.0136163728550748,1.72655306122449
44,2.3929,2.6678,2.9558,2.5878709531485,1.00936123073729,2.69936123073729,,,2.59413534902262,,0.318670551682807,0.0124737401679351,1.67965510204082
88,2.3466,2.6973,3.1185,2.59185130310758,1.01334402666893,2.70334402666893,,,2.63620072632791,,0.157349067911549,0.067129670369423,1.73306938775511
22,2.3927,2.6777,2.9842,2.59812695455238,1.01962353457645,2.70962353457645,,,2.60889435830477,,0.293692631612151,0.0204721689779088,1.69688367346939
52,2.3766,2.6865,3.026,2.60031578964711,1.02181371473647,2.71181371473647,,,2.61625657181911,,0.290528498880234,0.0281849396160975,1.65427346938775
68,2.3934,2.6855,2.9902,2.60951582148132,1.03101940010005,2.72101940010005,,,2.61595409159159,,0.344722896886728,0.0119976432149608,1.62825714285715
106,2.3661,2.7023,3.0779,2.6151744963047,1.03668155224665,2.72668155224665,,,2.63859867295836,,0.281420528025739,0.0375164398944004,1.6226306122449
2,2.4129,2.6953,3,2.62837368873344,1.04988885573668,2.73988885573668,,,2.63987726615479,,0.286398369239503,0.0212339241026685,1.72892040816327
30,2.422,2.693,2.9779,2.63009045750931,1.05160667948745,2.74160667948745,,,2.63702265702538,,0.30958229505094,0.0132354952926948,1.72430612244898
104,2.3735,2.7138,3.1145,2.63193762206518,1.05345497914799,2.74345497914799,,,2.67000375745939,,0.189788821247199,0.0575125119193351,1.7340306122449
16,2.3859,2.7109,3.0576,2.63915287596336,1.06067466690581,2.75067466690581,,,2.65169874396632,,0.347965886509164,0.0206626077590986,1.5769
87,2.3945,2.7154,3.0211,2.64581590573897,1.06734179119274,2.75734179119274,,,2.64581590573897,,0.51325978614011,-0.0144733473704281,1.39388775510204
118,2.4154,2.7086,3.0189,2.64752849492659,1.06905543278686,2.75905543278686,,,2.6566885762255,,0.325393101599217,0.0162825157917322,1.67191020408163
10,2.4174,2.7106,3.0214,2.65086018940782,1.07238917463411,2.76238917463411,,,2.66032161019623,,0.323076680440334,0.0167586127447073,1.67666530612245
99,2.4321,2.7095,3.0034,2.65435259565405,1.07588372700567,2.76588372700567,,,2.6629181165858,,0.306368876762448,0.0157111994481633,1.73044693877552
129,2.4085,2.7173,3.0551,2.65564521647073,1.07717714215327,2.76717714215327,,,2.67213009750668,,0.29179020912847,0.0276136232725289,1.68601020408164
158,2.4185,2.7168,3.0254,2.66073567081011,1.0822707246376,2.7722707246376,,,2.66633821948922,,0.363934406838471,0.00980759723127705,1.6229693877551
177,2.4192,2.7222,3.0425,2.66770224145532,1.08924157632362,2.77924157632362,,,2.67735187131246,,0.337990489859002,0.0164729545729223,1.64881224489796
115,2.4287,2.7221,3.0397,2.66956320935065,1.09110368780594,2.78110368780594,,,2.68288221914714,,0.292775920259913,0.0230430925239717,1.7237612244898
164,2.4189,2.7277,3.0504,2.67603141508341,1.09757586832832,2.78757586832832,,,2.68391045676506,,0.361746128126677,0.0132354952926944,1.61320612244898
155,2.4183,2.7477,3.1095,2.70501448321117,1.12657674689737,2.81657674689737,,,2.72518366399325,,0.304466454278774,0.0308510825527559,1.65568775510204
25,2.4704,2.7595,2.9854,2.70723023219306,1.12879385748346,2.81879385748346,,,2.70723023219306,,0.691752357821026,-0.0601786548559927,1.29615510204082
156,2.4239,2.7532,3.1094,2.71595219688221,1.13752118192401,2.82752118192401,,,2.73266252934964,,0.329809087468062,0.025614016070035,1.63126734693878
95,2.4191,2.7579,3.1322,2.72227670486007,1.14384957638752,2.83384957638752,,,2.74522005668903,,0.303076601583443,0.033802883661199,1.64671224489796
173,2.4425,2.7564,3.122,2.72277571343596,1.14434889161013,2.83434889161013,,,2.75473724613959,,0.193662665993756,0.049228424937576,1.83052040816326
13,2.4469,2.759,3.0868,2.73061768599895,1.15219568315886,2.84219568315886,,,2.73987742387177,,0.357960997381949,0.0149494443234037,1.64169591836735
157,2.4351,2.7622,3.1192,2.73304703030935,1.15462652033034,2.84462652033034,,,2.75171703738554,,0.312874570229946,0.0284705977878829,1.66528367346939
171,2.4464,2.761,3.0961,2.73347484721934,1.15505460013892,2.84505460013892,,,2.74572651308604,,0.33917334321673,0.0195199750719597,1.66050204081633
49,2.4631,2.7598,3.0738,2.7342415331277,1.15582175718493,2.84582175718493,,,2.74410256703793,,0.329296517679713,0.0164729545729223,1.71071224489796
97,2.5137,2.8165,2.951,2.74543125358208,1.16701835385609,2.85701835385609,,,2.74543125358209,,1.19757002491878,-0.160254234371259,0.721189795918368
65,2.452,2.7826,3.1306,2.77166334373413,1.19326656394064,2.88326656394064,,,2.78255333990761,,0.375615083746017,0.0165681739635171,1.60330612244898
50,2.4707,2.7827,3.126,2.77254289185109,1.19414665255041,2.88414665255041,,,2.79155969335919,,0.285550657666468,0.0298036692562113,1.75174081632653
194,2.4407,2.785,3.1601,2.77512725041099,1.19673259922949,2.88673259922949,,,2.7954900787344,,0.332440936189004,0.0293275723032369,1.6267
108,2.443,2.7922,3.1676,2.78936192207082,1.21097601826495,2.90097601826495,,,2.80682601608066,,0.360513989212373,0.0249474803358712,1.5896530612245
117,2.4462,2.7925,3.1694,2.78997156896118,1.2115860397906,2.9015860397906,,,2.81032961657118,,0.336127495820582,0.0291371335220475,1.62538367346939
168,2.4779,2.7982,3.1562,2.80098251733496,1.22260375452359,2.91260375452359,,,2.8246028206525,,0.267354430180107,0.0358977102542871,1.7704918367347
83,2.4401,2.7982,3.1952,2.80164068521999,1.22326232686063,2.91326232686063,,,2.82870858086759,,0.313958852474528,0.0370403429414261,1.63130408163266
28,2.5002,2.7989,3.1099,2.80170401605305,1.22332569661125,2.91332569661125,,,2.80878052359513,,0.355220720436551,0.0117119850431759,1.71454693877551
63,2.4815,2.7987,3.1354,2.80171047469496,1.22333215922207,2.91333215922207,,,2.81355276723076,,0.347394174052928,0.0185677811660105,1.68266326530612
56,2.4532,2.8005,3.213,2.8065341055474,1.22815875425325,2.91815875425325,,,2.85220011216182,,0.177211147210042,0.0620830426678915,1.82017959183674
145,2.4493,2.801,3.218,2.80775308767848,1.22937848546339,2.91937848546339,,,2.85408332108887,,0.182819843547929,0.0621782620584861,1.80425918367347
180,2.4566,2.8016,3.2277,2.80909139344235,1.23071761363213,2.92071761363213,,3.17425887700156,,,0.100374964514399,0.0772229257724844,1.91776326530612
126,2.4435,2.8028,3.2163,2.81169557259599,1.23332339308494,2.92332339308494,,,2.8503706401766,,0.244732359713591,0.0516089097024496,1.71558163265306
123,2.4704,2.8105,3.1608,2.82458110341451,1.24621684221595,2.93621684221595,,,2.83105810668353,,0.422081506482036,0.00971237784068234,1.55488979591837
54,2.4835,2.8126,3.1654,2.82825096505317,1.24988895902839,2.93988895902839,,,2.84312395944643,,0.3443581837681,0.0225669955709969,1.67380612244898
85,2.53,2.8215,3.1264,2.84004680788765,1.26169205054908,2.95169205054908,,,2.84759299627927,,0.340188625682112,0.01275939833972,1.77097959183674
178,2.4825,2.8236,3.1962,2.85149885071356,1.27315113079199,2.96315113079199,,,2.87199815111884,,0.324781960697723,0.0299941080374019,1.6815
12,2.5767,2.9078,3.0311,2.85839841320896,1.2800549331509,2.9700549331509,,,2.85839841320896,,1.41962117149796,-0.197865893656254,0.485679591836737
36,2.4724,2.8312,3.238,2.87227065902676,1.29393570362933,2.98393570362933,,,2.90560992277089,,0.272765984291705,0.0457053074855644,1.71174693877551
14,2.5271,2.84,3.1706,2.87610448726802,1.29777188780381,2.98777188780381,,,2.88651705428281,,0.349799309213637,0.0168538321353021,1.7306306122449
163,2.5042,2.837,3.2199,2.87859526732762,1.30026419847748,2.99026419847748,,,2.91093024346356,,0.227157130240041,0.0477049146880574,1.82940408163265
107,2.4885,2.8467,3.2691,2.90871876253824,1.33040620493545,3.02040620493545,,,2.95338838308309,,0.196885941393554,0.0611308487619427,1.81882653061225
150,2.5424,2.8582,3.1861,2.90893699263654,1.33062456913875,3.02062456913875,,,2.91592427484959,,0.379745213386743,0.0115215462619864,1.70678775510205
103,2.5286,2.8604,3.2127,2.91940616115177,1.34110017108299,3.03110017108299,,,2.93177691697814,,0.362909267261771,0.0195199750719601,1.69355918367347
125,2.5094,2.8592,3.2371,2.92480915312789,1.34650648326217,3.03650648326217,,,2.94271694152646,,0.352539586159038,0.026756648757174,1.66480816326531
112,2.6181,2.9661,3.072,2.92660477003757,1.34830320359987,3.03830320359987,,,2.92660477003757,,1.60184958836703,-0.230526144630314,0.289793877551022
80,2.5622,2.8948,3.198,2.95531097015292,1.37702704401782,3.06702704401782,,,2.95531097015292,,0.595192095385296,-0.0279945008349081,1.44991428571428
91,2.5222,2.8762,3.2426,2.95703183047693,1.37874896183104,3.06874896183103,,,2.96463433944316,,0.431071192000753,0.0118072044337713,1.57909795918368
136,2.4561,2.9222,3.2554,2.97979543985969,1.40152655972346,3.09152655972346,,,2.97979543985969,,1.25892068573952,-0.126546570100656,0.392079591836734
160,2.555,2.893,3.2464,2.98336159318824,1.40509490449579,3.09509490449579,,,2.99218348727151,,0.395092735703242,0.0146637861516192,1.67414285714286
92,2.5583,2.8953,3.2753,2.9967654845792,1.418507032738,3.108507032738,,,3.0218355237523,,0.265846292149008,0.0409443379558178,1.83238163265306
42,2.585,2.9053,3.2493,3.00036554574195,1.42210930618131,3.11210930618131,,,3.01319450686642,,0.332214222628773,0.0225669955709973,1.80044897959184
138,2.5114,2.8904,3.3099,3.01142693088028,1.43317748867284,3.12317748867284,,,3.03747003903009,,0.335388212472005,0.0385638531909448,1.65170612244898
109,2.5235,2.8956,3.2998,3.01477682218395,1.43652943852469,3.12652943852469,,,3.03464131474932,,0.364782118411506,0.0305654243809711,1.63723469387755
27,2.5529,2.904,3.2854,3.01825625239974,1.44001100689188,3.13001100689188,,,3.03577115432908,,0.344141327319178,0.0288514753502629,1.71671632653062
24,2.5686,2.9126,3.284,3.03004519169837,1.45180719063442,3.14180719063442,,,3.04523637288567,,0.347778601394188,0.0260901130230098,1.73672244897959
35,2.5087,2.8935,3.3351,3.0311459784769,1.45290865385956,3.14290865385956,,,3.06818379998288,,0.267876857079768,0.0540846138579182,1.72225102040817
183,2.582,2.9206,3.2851,3.04182822248694,1.46359746223605,3.15359746223605,,,3.0556791408686,,0.347275888717155,0.0246618221640859,1.75728571428572
21,2.5486,2.917,3.3082,3.05439299823351,1.47616995918728,3.16616995918728,,,3.06729483818582,,0.402761568305836,0.0217100210556434,1.6216612244898
8,2.5421,2.9212,3.3264,3.07421896935607,1.49600811360573,3.18600811360573,,,3.08895846491624,,0.402239141406172,0.0248522609452762,1.60277346938776
60,2.5949,2.945,3.3147,3.09633601797272,1.51813875341274,3.20813875341274,,,3.10595004295297,,0.392332744535214,0.018663000556606,1.70261428571429
116,2.5792,2.9419,3.3294,3.10417758468459,1.52598513886095,3.21598513886095,,,3.11663692090557,,0.385629908841431,0.0236144088675421,1.67956734693878
46,2.6045,2.9537,3.3261,3.11555414932635,1.53736869453747,3.22736869453747,,,3.12643639695104,,0.374412516165663,0.0220908986180226,1.73462244897959
23,2.6108,2.9639,3.3331,3.13520943221735,1.55703605583441,3.24703605583441,,,3.14237173328932,,0.412687679399428,0.0153303218857825,1.69065714285714
96,2.6177,2.9686,3.3323,3.14028206321517,1.56211180402452,3.25211180402452,,,3.14583304114263,,0.424940068763206,0.0121880819961509,1.68565918367347
192,2.6047,2.9661,3.3547,3.15658372607304,1.57842348444878,3.26842348444878,,,3.16835823513709,,0.372717093019588,0.0258996742418196,1.72200612244898
39,2.6059,2.9843,3.4138,3.2449527597557,1.66684682195739,3.35684682195739,,,3.26118612574969,,0.285452086553322,0.048657108594007,1.80632857142857
38,2.625,3.0103,3.4193,3.28324942954834,1.70516702551072,3.39516702551072,,,3.28882809246084,,0.421913935589691,0.0225669955709974,1.65473469387755
40,2.6429,3.0208,3.4402,3.32119743277496,1.74313834823826,3.43313834823826,,,3.32762969007229,,0.329237375011827,0.0395160470968943,1.79185918367347
34,2.6495,3.0536,3.475,3.41026013693391,1.83225578249194,3.52225578249193,,,3.40917214830015,,0.477508043402828,0.0164729545729229,1.59025510204082
127,2.6382,3.0364,3.4922,3.43783173515612,1.85984432379034,3.54984432379034,,,3.42940432737535,,0.282662524051351,0.054846368982677,1.81787346938776
89,2.6945,3.0907,3.5167,3.51207360842951,1.93413181958099,3.62413181958099,,,3.50131400990836,,0.408695549317096,0.0283753783972883,1.72670408163266
58,2.7116,3.1092,3.5261,3.53529755480789,1.95737003735161,3.64737003735161,,,3.52699359988237,,0.459272387471216,0.0183773423848207,1.68194693877551
86,2.6661,3.0717,3.5339,3.56401737515275,1.98610750636886,3.67610750636886,,,3.53161028180963,,0.297507333690814,0.0538941750767284,1.81912040816327
186,2.7021,3.1227,3.5649,3.64112021574492,2.06325772757685,3.75325772757685,,,3.62252925930978,,0.480356748572687,0.0205673883685043,1.61940612244898
174,2.7638,3.2108,3.6678,3.9328367650288,2.35515354016212,4.04515354016212,,,3.90893302034429,,0.570529602876697,0.00952193905949295,1.54175918367347
17,2.7819,3.2224,3.6828,3.99680910006307,2.41916518695982,4.10916518695982,,,3.94201446685388,,0.515694492634766,0.0189486587283901,1.63298163265306
153,2.8397,3.2883,3.7204,4.03831414400788,2.46069573624953,4.15069573624953,,,4.03831414400788,,0.695507917231805,-0.0157111994481622,1.46706734693878
41,2.7733,3.2256,3.7006,4.09133811029585,2.51375228639766,4.20375228639766,,,4.01150081356885,,0.519006482036399,0.0216148016650483,1.60609591836735
57,2.7954,3.2284,3.7163,4.31491367382041,2.73746523977454,4.42746523977454,,,4.03388667247057,,0.343195044633001,0.0522754454366137,1.86076734693877
,,,,2.58609817757432,1.00758736577136,2.69758736577136,,,,,,,
